Bulan;Kebun;Afdeling;Kode Afd;Luas;Pokok;Jjg Akt.;Kg Akt.;Jjg Bgt.;Kg Bgt.;BJR Akt.;BJR Bgt.;Ton/ha Akt.;Ton/ha Bgt.;% Cap.;Gap Ton/Ha;Gap %
JAN;BKB Inti;Afdeling 1;AFD.1;1451,00;190109;87219;1500690;133954;2194615;17,21;16,38;1,03;1,51;68,38;-0,48;31,62
JAN;BKB Inti;Afdeling 2;AFD.2;1496,00;195774;98538;1631260;143788;2405069;16,55;16,73;1,09;1,61;67,83;-0,52;32,17
JAN;SC Inti;SC Inti;AFD6;393,60;51701;25985;356420;55446;726585;13,72;13,10;0,91;1,85;49,05;-0,94;50,95
JAN;Setarap;Setarap;AFD-8;388,20;51154;38557;523930;51792;716617;13,59;13,84;1,35;1,85;73,11;-0,50;26,89
JAN;SC Plasma;SC Plasma;AFD-7;196,30;26164;13410;188860;29096;362370;14,08;12,45;0,96;1,85;52,12;-0,88;47,88
JAN;BKB Plasma;SK1;SK1;187,50;24615;9922;137490;11358;186375;13,86;16,41;0,73;0,99;73,77;-0,26;26,23
JAN;BKB Plasma;SK2;SK2;158,00;20822;8962;165470;8236;160754;18,46;19,52;1,05;1,02;102,93;0,03;-2,93
JAN;BKB Plasma;SKA;SKA;233,00;30330;11648;201040;13766;253152;17,26;18,39;0,86;1,09;79,41;-0,22;20,59
JAN;BKB Plasma;SKB;SKB;321,00;43821;31068;423230;27984;364657;13,62;13,03;1,32;1,14;116,06;0,18;-16,06
JAN;BKB Plasma;SKC;SKC;55,00;7285;3382;55280;3284;62480;16,35;19,03;1,01;1,14;88,48;-0,13;11,52
JAN;BKB Plasma;SBB;SBB;1158,50;156587;61124;873190;77570;1183122;14,29;15,25;0,75;1,02;73,80;-0,27;26,20
JAN;BKB Plasma;SMM;SMM;982,75;130420;42901;527430;69070;983336;12,29;14,24;0,54;1,00;53,64;-0,46;46,36
JAN;BKB Plasma;TGS;TGS;416,00;54374;24395;286060;32652;428252;11,73;13,12;0,69;1,03;66,80;-0,34;33,20
JAN;BKB Plasma;WRJ;WRJ;1051,40;140849;50685;593180;85744;1079949;11,70;12,60;0,56;1,03;54,93;-0,46;45,07
JAN;BKB Plasma 1;MTL;MTL;799,68;106447;42428;753830;49190;851659;17,77;17,31;0,94;1,07;88,51;-0,12;11,49
JAN;BKB Plasma 1;SBU;SBU;29,10;4020;702;10640;2196;35124;15,16;15,99;0,37;1,21;30,29;-0,84;69,71
JAN;BKB Plasma 1;TNB;TNB;111,43;14327;5301;94578;7730;134496;17,84;17,40;0,85;1,21;70,32;-0,36;29,68
JAN;BKB Plasma 1;SBH;SBH;495,52;66248;26166;502882;30422;531966;19,22;17,49;1,01;1,07;94,53;-0,06;5,47
JAN;FFD Inti;Rayon 1;RAY-1;1677,81;218379;90961;1287070;202770;2966125;14,15;14,63;0,77;1,77;43,39;-1,00;56,61
JAN;FFD Inti;Rayon 2;RAY-2;1742,55;230645;73669;1095570;199825;3009948;14,87;15,06;0,63;1,73;36,40;-1,10;63,60
JAN;FFD Plasma;BB1;BB1;612,27;80089;39262;645820;74370;1117975;16,45;15,03;1,05;1,83;57,77;-0,77;42,23
JAN;FFD Plasma;BB2A;BB2-A;39,80;5361;2165;35030;5145;72676;16,18;14,13;0,88;1,83;48,20;-0,95;51,80
JAN;FFD Plasma;BB2B;BB2-B;442,00;59052;24493;363280;57248;811167;14,83;14,17;0,82;1,84;44,78;-1,01;55,22
JAN;FFD Plasma;BB3;BB3;14,00;1971;609;11530;1402;24850;18,93;17,72;0,82;1,77;46,40;-0,95;53,60
JAN;FFD Plasma;BB4;BB4;324,10;43877;21358;337650;41533;598289;15,81;14,41;1,04;1,85;56,44;-0,80;43,56
JAN;FFD Plasma;BB5;BB5;145,15;19235;14255;200560;20965;267947;14,07;12,78;1,38;1,85;74,85;-0,46;25,15
JAN;FFD Plasma;JB1;JB1;521,80;68870;39018;501570;62357;928967;12,85;14,90;0,96;1,78;53,99;-0,82;46,01
JAN;FFD Plasma;JB2;JB2;265,82;38182;17450;268350;35645;489234;15,38;13,73;1,01;1,84;54,85;-0,83;45,15
JAN;FFD Plasma;JB3;JB3;277,60;38497;17618;245760;39562;512450;13,95;12,95;0,89;1,85;47,96;-0,96;52,04
JAN;FFD Plasma;SR;SR;199,90;27072;11992;189860;25636;368422;15,83;14,37;0,95;1,84;51,53;-0,89;48,47
FEB;BKB Inti;Afdeling 1;AFD.1;1451,00;190109;77834;1362420;90560;1483683;17,50;16,38;0,94;1,02;91,83;-0,08;8,17
FEB;BKB Inti;Afdeling 2;AFD.2;1496,00;195774;95997;1552520;97209;1625962;16,17;16,73;1,04;1,09;95,48;-0,05;4,52
FEB;SC Inti;SC Inti;AFD6;393,60;51701;17921;261050;37485;491212;14,57;13,10;0,66;1,25;53,14;-0,58;46,86
FEB;Setarap;Setarap;AFD-8;388,20;51154;41001;538880;35014;484474;13,14;13,84;1,39;1,25;111,23;0,14;-11,23
FEB;SC Plasma;SC Plasma;AFD-7;196,30;26164;11630;162770;19670;244982;14,00;12,45;0,83;1,25;66,44;-0,42;33,56
FEB;BKB Plasma;SK1;SK1;187,50;24615;9087;126260;7679;126000;13,89;16,41;0,67;0,67;100,21;0,00;-0,21
FEB;BKB Plasma;SK2;SK2;158,00;20822;7751;136840;5568;108679;17,65;19,52;0,87;0,69;125,91;0,18;-25,91
FEB;BKB Plasma;SKA;SKA;233,00;30330;13962;236460;9307;171145;16,94;18,39;1,01;0,73;138,16;0,28;-38,16
FEB;BKB Plasma;SKB;SKB;321,00;43821;27473;374510;18919;246528;13,63;13,03;1,17;0,77;151,91;0,40;-51,91
FEB;BKB Plasma;SKC;SKC;55,00;7285;2987;50610;2220;42240;16,94;19,03;0,92;0,77;119,82;0,15;-19,82
FEB;BKB Plasma;SBB;SBB;1158,50;156587;50783;685280;52442;799857;13,49;15,25;0,59;0,69;85,68;-0,10;14,32
FEB;BKB Plasma;SMM;SMM;982,75;130420;51719;593600;46696;664791;11,48;14,24;0,60;0,68;89,29;-0,07;10,71
FEB;BKB Plasma;TGS;TGS;416,00;54374;19028;227700;22075;289523;11,97;13,12;0,55;0,70;78,65;-0,15;21,35
FEB;BKB Plasma;WRJ;WRJ;1051,40;140849;47966;545610;57968;730106;11,37;12,60;0,52;0,69;74,73;-0,18;25,27
FEB;BKB Plasma 1;MTL;MTL;799,68;106447;34765;599730;33255;575770;17,25;17,31;0,75;0,72;104,16;0,03;-4,16
FEB;BKB Plasma 1;SBU;SBU;29,10;4020;822;11962;1485;23746;14,55;15,99;0,41;0,82;50,38;-0,40;49,62
FEB;BKB Plasma 1;TNB;TNB;111,43;14327;5044;85901;5226;90927;17,03;17,40;0,77;0,82;94,47;-0,05;5,53
FEB;BKB Plasma 1;SBH;SBH;495,52;66248;25448;470507;20567;359639;18,49;17,49;0,95;0,73;130,83;0,22;-30,83
FEB;FFD Inti;Rayon 1;RAY-1;1677,81;218379;72064;1051240;137084;2005267;14,59;14,63;0,63;1,20;52,42;-0,57;47,58
FEB;FFD Inti;Rayon 2;RAY-2;1742,55;230645;60599;928380;135093;2034894;15,32;15,06;0,53;1,17;45,62;-0,63;54,38
FEB;FFD Plasma;BB1;BB1;612,27;80089;30359;519800;50278;755814;17,12;15,03;0,85;1,23;68,77;-0,39;31,23
FEB;FFD Plasma;BB2A;BB2-A;39,80;5361;1621;25590;3478;49133;15,79;14,13;0,64;1,23;52,08;-0,59;47,92
FEB;FFD Plasma;BB2B;BB2-B;442,00;59052;16350;243550;38703;548395;14,90;14,17;0,55;1,24;44,41;-0,69;55,59
FEB;FFD Plasma;BB3;BB3;14,00;1971;807;16540;948;16800;20,50;17,72;1,18;1,20;98,45;-0,02;1,55
FEB;FFD Plasma;BB4;BB4;324,10;43877;16129;262620;28079;404477;16,28;14,41;0,81;1,25;64,93;-0,44;35,07
FEB;FFD Plasma;BB5;BB5;145,15;19235;10701;151210;14173;181147;14,13;12,78;1,04;1,25;83,47;-0,21;16,53
FEB;FFD Plasma;JB1;JB1;521,80;68870;23881;300600;42157;628034;12,59;14,90;0,58;1,20;47,86;-0,63;52,14
FEB;FFD Plasma;JB2;JB2;265,82;38182;12876;198010;24098;330749;15,38;13,73;0,74;1,24;59,87;-0,50;40,13
FEB;FFD Plasma;JB3;JB3;277,60;38497;13634;192350;26746;346445;14,11;12,95;0,69;1,25;55,52;-0,56;44,48
FEB;FFD Plasma;SR;SR;199,90;27072;7532;118910;17331;249074;15,79;14,37;0,59;1,25;47,74;-0,65;52,26
MAR;BKB Inti;Afdeling 1;AFD.1;1451,00;190109;82843;1503390;109427;1792784;18,15;16,38;1,04;1,24;83,86;-0,20;16,14
MAR;BKB Inti;Afdeling 2;AFD.2;1496,00;195774;107639;1810180;117461;1964704;16,82;16,73;1,21;1,31;92,13;-0,10;7,87
MAR;SC Inti;SC Inti;AFD6;393,60;51701;16890;253930;45294;593548;15,03;13,10;0,65;1,51;42,78;-0,86;57,22
MAR;Setarap;Setarap;AFD-8;388,20;51154;48970;677410;42309;585406;13,83;13,84;1,75;1,51;115,72;0,24;-15,72
MAR;SC Plasma;SC Plasma;AFD-7;196,30;26164;13911;204760;23768;296020;14,72;12,45;1,04;1,51;69,17;-0,46;30,83
MAR;BKB Plasma;SK1;SK1;187,50;24615;6325;91880;9279;152250;14,53;16,41;0,49;0,81;60,35;-0,32;39,65
MAR;BKB Plasma;SK2;SK2;158,00;20822;7766;143460;6728;131320;18,47;19,52;0,91;0,83;109,24;0,08;-9,24
MAR;BKB Plasma;SKA;SKA;233,00;30330;12664;223060;11245;206800;17,61;18,39;0,96;0,89;107,86;0,07;-7,86
MAR;BKB Plasma;SKB;SKB;321,00;43821;26669;379710;22860;297888;14,24;13,03;1,18;0,93;127,47;0,25;-27,47
MAR;BKB Plasma;SKC;SKC;55,00;7285;2467;41750;2683;51040;16,92;19,03;0,76;0,93;81,80;-0,17;18,20
MAR;BKB Plasma;SBB;SBB;1158,50;156587;33987;494450;63367;966494;14,55;15,25;0,43;0,83;51,16;-0,41;48,84
MAR;BKB Plasma;SMM;SMM;982,75;130420;35554;405640;56424;803289;11,41;14,24;0,41;0,82;50,50;-0,40;49,50
MAR;BKB Plasma;TGS;TGS;416,00;54374;15873;195140;26674;349840;12,29;13,12;0,47;0,84;55,78;-0,37;44,22
MAR;BKB Plasma;WRJ;WRJ;1051,40;140849;35714;429990;70044;882212;12,04;12,60;0,41;0,84;48,74;-0,43;51,26
MAR;BKB Plasma 1;MTL;MTL;799,68;106447;32219;557630;40183;695722;17,31;17,31;0,70;0,87;80,15;-0,17;19,85
MAR;BKB Plasma 1;SBU;SBU;29,10;4020;549;8460;1794;28693;15,41;15,99;0,29;0,99;29,48;-0,70;70,52
MAR;BKB Plasma 1;TNB;TNB;111,43;14327;3388;58532;6315;109870;17,28;17,40;0,53;0,99;53,27;-0,46;46,73
MAR;BKB Plasma 1;SBH;SBH;495,52;66248;20208;389698;24852;434563;19,28;17,49;0,79;0,88;89,68;-0,09;10,32
MAR;FFD Inti;Rayon 1;RAY-1;1677,81;218379;83158;1303730;165643;2423032;15,68;14,63;0,78;1,44;53,81;-0,67;46,19
MAR;FFD Inti;Rayon 2;RAY-2;1742,55;230645;81071;1403680;163237;2458830;17,31;15,06;0,81;1,41;57,09;-0,61;42,91
MAR;FFD Plasma;BB1;BB1;612,27;80089;37959;692030;60753;913276;18,23;15,03;1,13;1,49;75,77;-0,36;24,23
MAR;FFD Plasma;BB2A;BB2-A;39,80;5361;2726;45480;4203;59369;16,68;14,13;1,14;1,49;76,61;-0,35;23,39
MAR;FFD Plasma;BB2B;BB2-B;442,00;59052;23088;370940;46766;662644;16,07;14,17;0,84;1,50;55,98;-0,66;44,02
MAR;FFD Plasma;BB3;BB3;14,00;1971;1129;22470;1145;20300;19,90;17,72;1,61;1,45;110,69;0,16;-10,69
MAR;FFD Plasma;BB4;BB4;324,10;43877;19608;322960;33929;488743;16,47;14,41;1,00;1,51;66,08;-0,51;33,92
MAR;FFD Plasma;BB5;BB5;145,15;19235;14087;219270;17126;218886;15,57;12,78;1,51;1,51;100,18;0,00;-0,18
MAR;FFD Plasma;JB1;JB1;521,80;68870;27720;361730;50939;758875;13,05;14,90;0,69;1,45;47,67;-0,76;52,33
MAR;FFD Plasma;JB2;JB2;265,82;38182;14770;235090;29118;399656;15,92;13,73;0,88;1,50;58,82;-0,62;41,18
MAR;FFD Plasma;JB3;JB3;277,60;38497;19539;301280;32318;418621;15,42;12,95;1,09;1,51;71,97;-0,42;28,03
MAR;FFD Plasma;SR;SR;199,90;27072;9984;178410;20942;300964;17,87;14,37;0,89;1,51;59,28;-0,61;40,72
APR;BKB Inti;Afdeling 1;AFD.1;1451,00;190109;126734;2316640;132067;2163705;18,28;16,38;1,60;1,49;107,07;0,11;-7,07
APR;BKB Inti;Afdeling 2;AFD.2;1496,00;195774;141891;2467640;141763;2371195;17,39;16,73;1,65;1,59;104,07;0,06;-4,07
APR;SC Inti;SC Inti;AFD6;393,60;51701;28758;467130;54665;716351;16,24;13,10;1,19;1,82;65,21;-0,63;34,79
APR;Setarap;Setarap;AFD-8;388,20;51154;64142;937660;51062;706524;14,62;13,84;2,42;1,82;132,71;0,60;-32,71
APR;SC Plasma;SC Plasma;AFD-7;196,30;26164;29167;450360;28686;357266;15,44;12,45;2,29;1,82;126,06;0,47;-26,06
APR;BKB Plasma;SK1;SK1;187,50;24615;9958;141710;11198;183750;14,23;16,41;0,76;0,98;77,12;-0,22;22,88
APR;BKB Plasma;SK2;SK2;158,00;20822;9332;167820;8120;158490;17,98;19,52;1,06;1,00;105,89;0,06;-5,89
APR;BKB Plasma;SKA;SKA;233,00;30330;18762;330500;13572;249586;17,62;18,39;1,42;1,07;132,42;0,35;-32,42
APR;BKB Plasma;SKB;SKB;321,00;43821;32778;469850;27590;359521;14,33;13,03;1,46;1,12;130,69;0,34;-30,69
APR;BKB Plasma;SKC;SKC;55,00;7285;3061;53400;3238;61600;17,45;19,03;0,97;1,12;86,69;-0,15;13,31
APR;BKB Plasma;SBB;SBB;1158,50;156587;36567;513760;76478;1166458;14,05;15,25;0,44;1,01;44,04;-0,56;55,96
APR;BKB Plasma;SMM;SMM;982,75;130420;50546;601760;68098;969486;11,91;14,24;0,61;0,99;62,07;-0,37;37,93
APR;BKB Plasma;TGS;TGS;416,00;54374;21230;250270;32192;422220;11,79;13,12;0,60;1,01;59,27;-0,41;40,73
APR;BKB Plasma;WRJ;WRJ;1051,40;140849;45719;551370;84536;1064738;12,06;12,60;0,52;1,01;51,78;-0,49;48,22
APR;BKB Plasma 1;MTL;MTL;799,68;106447;31804;568020;48497;839664;17,86;17,31;0,71;1,05;67,65;-0,34;32,35
APR;BKB Plasma 1;SBU;SBU;29,10;4020;730;11750;2165;34629;16,10;15,99;0,40;1,19;33,93;-0,79;66,07
APR;BKB Plasma 1;TNB;TNB;111,43;14327;4691;83890;7622;132602;17,88;17,40;0,75;1,19;63,26;-0,44;36,74
APR;BKB Plasma 1;SBH;SBH;495,52;66248;18060;347770;29994;524473;19,26;17,49;0,70;1,06;66,31;-0,36;33,69
APR;FFD Inti;Rayon 1;RAY-1;1677,81;218379;138518;2254560;199914;2924348;16,28;14,63;1,34;1,74;77,10;-0,40;22,90
APR;FFD Inti;Rayon 2;RAY-2;1742,55;230645;135286;2489520;197011;2967554;18,40;15,06;1,43;1,70;83,89;-0,27;16,11
APR;FFD Plasma;BB1;BB1;612,27;80089;61222;1147780;73322;1102229;18,75;15,03;1,87;1,80;104,13;0,07;-4,13
APR;FFD Plasma;BB2A;BB2-A;39,80;5361;3330;59100;5072;71652;17,75;14,13;1,48;1,80;82,48;-0,32;17,52
APR;FFD Plasma;BB2B;BB2-B;442,00;59052;36578;619020;56442;799743;16,92;14,17;1,40;1,81;77,40;-0,41;22,60
APR;FFD Plasma;BB3;BB3;14,00;1971;1980;39540;1382;24500;19,97;17,72;2,82;1,75;161,39;1,07;-61,39
APR;FFD Plasma;BB4;BB4;324,10;43877;37271;648440;40948;589863;17,40;14,41;2,00;1,82;109,93;0,18;-9,93
APR;FFD Plasma;BB5;BB5;145,15;19235;26795;413500;20669;264173;15,43;12,78;2,85;1,82;156,53;1,03;-56,53
APR;FFD Plasma;JB1;JB1;521,80;68870;31821;470580;61479;915883;14,79;14,90;0,90;1,76;51,38;-0,85;48,62
APR;FFD Plasma;JB2;JB2;265,82;38182;23061;396840;35143;482343;17,21;13,73;1,49;1,81;82,27;-0,32;17,73
APR;FFD Plasma;JB3;JB3;277,60;38497;33336;554020;39004;505232;16,62;12,95;2,00;1,82;109,66;0,18;-9,66
APR;FFD Plasma;SR;SR;199,90;27072;24475;441110;25275;363233;18,02;14,37;2,21;1,82;121,44;0,39;-21,44
MEI;BKB Inti;Afdeling 1;AFD.1;1451,00;190109;0;0;158481;2596446;#DIV/0!;16,38;0,00;1,79;0,00;-1,79;100,00
MEI;BKB Inti;Afdeling 2;AFD.2;1496,00;195774;0;0;170116;2845434;#DIV/0!;16,73;0,00;1,90;0,00;-1,90;100,00
MEI;SC Inti;SC Inti;AFD6;393,60;51701;0;0;65598;859621;#DIV/0!;13,10;0,00;2,18;0,00;-2,18;100,00
MEI;Setarap;Setarap;AFD-8;388,20;51154;0;0;61275;847829;#DIV/0!;13,84;0,00;2,18;0,00;-2,18;100,00
MEI;SC Plasma;SC Plasma;AFD-7;196,30;26164;0;0;34423;428719;#DIV/0!;12,45;0,00;2,18;0,00;-2,18;100,00
MEI;BKB Plasma;SK1;SK1;187,50;24615;0;0;13438;220500;#DIV/0!;16,41;0,00;1,18;0,00;-1,18;100,00
MEI;BKB Plasma;SK2;SK2;158,00;20822;0;0;9744;190188;#DIV/0!;19,52;0,00;1,20;0,00;-1,20;100,00
MEI;BKB Plasma;SKA;SKA;233,00;30330;0;0;16287;299504;#DIV/0!;18,39;0,00;1,29;0,00;-1,29;100,00
MEI;BKB Plasma;SKB;SKB;321,00;43821;0;0;33107;431425;#DIV/0!;13,03;0,00;1,34;0,00;-1,34;100,00
MEI;BKB Plasma;SKC;SKC;55,00;7285;0;0;3885;73920;#DIV/0!;19,03;0,00;1,34;0,00;-1,34;100,00
MEI;BKB Plasma;SBB;SBB;1158,50;156587;0;0;91774;1399750;#DIV/0!;15,25;0,00;1,21;0,00;-1,21;100,00
MEI;BKB Plasma;SMM;SMM;982,75;130420;0;0;81717;1163384;#DIV/0!;14,24;0,00;1,18;0,00;-1,18;100,00
MEI;BKB Plasma;TGS;TGS;416,00;54374;0;0;38631;506664;#DIV/0!;13,12;0,00;1,22;0,00;-1,22;100,00
MEI;BKB Plasma;WRJ;WRJ;1051,40;140849;0;0;101444;1277686;#DIV/0!;12,60;0,00;1,22;0,00;-1,22;100,00
MEI;BKB Plasma 1;MTL;MTL;799,68;106447;0;0;58197;1007597;#DIV/0!;17,31;0,00;1,26;0,00;-1,26;100,00
MEI;BKB Plasma 1;SBU;SBU;29,10;4020;0;0;2599;41555;#DIV/0!;15,99;0,00;1,43;0,00;-1,43;100,00
MEI;BKB Plasma 1;TNB;TNB;111,43;14327;0;0;9146;159122;#DIV/0!;17,40;0,00;1,43;0,00;-1,43;100,00
MEI;BKB Plasma 1;SBH;SBH;495,52;66248;0;0;35992;629368;#DIV/0!;17,49;0,00;1,27;0,00;-1,27;100,00
MEI;FFD Inti;Rayon 1;RAY-1;1677,81;218379;0;0;239897;3509218;#DIV/0!;14,63;0,00;2,09;0,00;-2,09;100,00
MEI;FFD Inti;Rayon 2;RAY-2;1742,55;230645;0;0;236413;3561065;#DIV/0!;15,06;0,00;2,04;0,00;-2,04;100,00
MEI;FFD Plasma;BB1;BB1;612,27;80089;0;0;87987;1322675;#DIV/0!;15,03;0,00;2,16;0,00;-2,16;100,00
MEI;FFD Plasma;BB2A;BB2-A;39,80;5361;0;0;6087;85982;#DIV/0!;14,13;0,00;2,16;0,00;-2,16;100,00
MEI;FFD Plasma;BB2B;BB2-B;442,00;59052;0;0;67730;959691;#DIV/0!;14,17;0,00;2,17;0,00;-2,17;100,00
MEI;FFD Plasma;BB3;BB3;14,00;1971;0;0;1659;29400;#DIV/0!;17,72;0,00;2,10;0,00;-2,10;100,00
MEI;FFD Plasma;BB4;BB4;324,10;43877;0;0;49138;707835;#DIV/0!;14,41;0,00;2,18;0,00;-2,18;100,00
MEI;FFD Plasma;BB5;BB5;145,15;19235;0;0;24803;317007;#DIV/0!;12,78;0,00;2,18;0,00;-2,18;100,00
MEI;FFD Plasma;JB1;JB1;521,80;68870;0;0;73774;1099060;#DIV/0!;14,90;0,00;2,11;0,00;-2,11;100,00
MEI;FFD Plasma;JB2;JB2;265,82;38182;0;0;42171;578812;#DIV/0!;13,73;0,00;2,18;0,00;-2,18;100,00
MEI;FFD Plasma;JB3;JB3;277,60;38497;0;0;46805;606279;#DIV/0!;12,95;0,00;2,18;0,00;-2,18;100,00
MEI;FFD Plasma;SR;SR;199,90;27072;0;0;30330;435880;#DIV/0!;14,37;0,00;2,18;0,00;-2,18;100,00
JUN;BKB Inti;Afdeling 1;AFD.1;1451,00;190109;0;0;211308;3461928;#DIV/0!;16,38;0,00;2,39;0,00;-2,39;100,00
JUN;BKB Inti;Afdeling 2;AFD.2;1496,00;195774;0;0;226821;3793911;#DIV/0!;16,73;0,00;2,54;0,00;-2,54;100,00
JUN;SC Inti;SC Inti;AFD6;393,60;51701;0;0;87465;1146161;#DIV/0!;13,10;0,00;2,91;0,00;-2,91;100,00
JUN;Setarap;Setarap;AFD-8;388,20;51154;0;0;81700;1130438;#DIV/0!;13,84;0,00;2,91;0,00;-2,91;100,00
JUN;SC Plasma;SC Plasma;AFD-7;196,30;26164;0;0;45897;571626;#DIV/0!;12,45;0,00;2,91;0,00;-2,91;100,00
JUN;BKB Plasma;SK1;SK1;187,50;24615;0;0;17917;294001;#DIV/0!;16,41;0,00;1,57;0,00;-1,57;100,00
JUN;BKB Plasma;SK2;SK2;158,00;20822;0;0;12993;253583;#DIV/0!;19,52;0,00;1,60;0,00;-1,60;100,00
JUN;BKB Plasma;SKA;SKA;233,00;30330;0;0;21715;399338;#DIV/0!;18,39;0,00;1,71;0,00;-1,71;100,00
JUN;BKB Plasma;SKB;SKB;321,00;43821;0;0;44143;575233;#DIV/0!;13,03;0,00;1,79;0,00;-1,79;100,00
JUN;BKB Plasma;SKC;SKC;55,00;7285;0;0;5180;98560;#DIV/0!;19,03;0,00;1,79;0,00;-1,79;100,00
JUN;BKB Plasma;SBB;SBB;1158,50;156587;0;0;122365;1866333;#DIV/0!;15,25;0,00;1,61;0,00;-1,61;100,00
JUN;BKB Plasma;SMM;SMM;982,75;130420;0;0;108956;1551178;#DIV/0!;14,24;0,00;1,58;0,00;-1,58;100,00
JUN;BKB Plasma;TGS;TGS;416,00;54374;0;0;51508;675553;#DIV/0!;13,12;0,00;1,62;0,00;-1,62;100,00
JUN;BKB Plasma;WRJ;WRJ;1051,40;140849;0;0;135258;1703581;#DIV/0!;12,60;0,00;1,62;0,00;-1,62;100,00
JUN;BKB Plasma 1;MTL;MTL;799,68;106447;0;0;77596;1343462;#DIV/0!;17,31;0,00;1,68;0,00;-1,68;100,00
JUN;BKB Plasma 1;SBU;SBU;29,10;4020;0;0;3465;55407;#DIV/0!;15,99;0,00;1,90;0,00;-1,90;100,00
JUN;BKB Plasma 1;TNB;TNB;111,43;14327;0;0;12194;212163;#DIV/0!;17,40;0,00;1,90;0,00;-1,90;100,00
JUN;BKB Plasma 1;SBH;SBH;495,52;66248;0;0;47990;839157;#DIV/0!;17,49;0,00;1,69;0,00;-1,69;100,00
JUN;FFD Inti;Rayon 1;RAY-1;1677,81;218379;0;0;319862;4678957;#DIV/0!;14,63;0,00;2,79;0,00;-2,79;100,00
JUN;FFD Inti;Rayon 2;RAY-2;1742,55;230645;0;0;315217;4748086;#DIV/0!;15,06;0,00;2,72;0,00;-2,72;100,00
JUN;FFD Plasma;BB1;BB1;612,27;80089;0;0;117316;1763567;#DIV/0!;15,03;0,00;2,88;0,00;-2,88;100,00
JUN;FFD Plasma;BB2A;BB2-A;39,80;5361;0;0;8116;114643;#DIV/0!;14,13;0,00;2,88;0,00;-2,88;100,00
JUN;FFD Plasma;BB2B;BB2-B;442,00;59052;0;0;90307;1279588;#DIV/0!;14,17;0,00;2,89;0,00;-2,89;100,00
JUN;FFD Plasma;BB3;BB3;14,00;1971;0;0;2212;39200;#DIV/0!;17,72;0,00;2,80;0,00;-2,80;100,00
JUN;FFD Plasma;BB4;BB4;324,10;43877;0;0;65518;943780;#DIV/0!;14,41;0,00;2,91;0,00;-2,91;100,00
JUN;FFD Plasma;BB5;BB5;145,15;19235;0;0;33071;422676;#DIV/0!;12,78;0,00;2,91;0,00;-2,91;100,00
JUN;FFD Plasma;JB1;JB1;521,80;68870;0;0;98366;1465413;#DIV/0!;14,90;0,00;2,81;0,00;-2,81;100,00
JUN;FFD Plasma;JB2;JB2;265,82;38182;0;0;56228;771749;#DIV/0!;13,73;0,00;2,90;0,00;-2,90;100,00
JUN;FFD Plasma;JB3;JB3;277,60;38497;0;0;62407;808372;#DIV/0!;12,95;0,00;2,91;0,00;-2,91;100,00
JUN;FFD Plasma;SR;SR;199,90;27072;0;0;40440;581173;#DIV/0!;14,37;0,00;2,91;0,00;-2,91;100,00
JUL;BKB Inti;Afdeling 1;AFD.1;1451,00;190109;0;0;169801;2781906;#DIV/0!;16,38;0,00;1,92;0,00;-1,92;100,00
JUL;BKB Inti;Afdeling 2;AFD.2;1496,00;195774;0;0;182267;3048679;#DIV/0!;16,73;0,00;2,04;0,00;-2,04;100,00
JUL;SC Inti;SC Inti;AFD6;393,60;51701;0;0;70284;921023;#DIV/0!;13,10;0,00;2,34;0,00;-2,34;100,00
JUL;Setarap;Setarap;AFD-8;388,20;51154;0;0;65652;908388;#DIV/0!;13,84;0,00;2,34;0,00;-2,34;100,00
JUL;SC Plasma;SC Plasma;AFD-7;196,30;26164;0;0;36882;459342;#DIV/0!;12,45;0,00;2,34;0,00;-2,34;100,00
JUL;BKB Plasma;SK1;SK1;187,50;24615;0;0;14398;236250;#DIV/0!;16,41;0,00;1,26;0,00;-1,26;100,00
JUL;BKB Plasma;SK2;SK2;158,00;20822;0;0;10440;203772;#DIV/0!;19,52;0,00;1,29;0,00;-1,29;100,00
JUL;BKB Plasma;SKA;SKA;233,00;30330;0;0;17450;320897;#DIV/0!;18,39;0,00;1,38;0,00;-1,38;100,00
JUL;BKB Plasma;SKB;SKB;321,00;43821;0;0;35472;462241;#DIV/0!;13,03;0,00;1,44;0,00;-1,44;100,00
JUL;BKB Plasma;SKC;SKC;55,00;7285;0;0;4163;79200;#DIV/0!;19,03;0,00;1,44;0,00;-1,44;100,00
JUL;BKB Plasma;SBB;SBB;1158,50;156587;0;0;98329;1499732;#DIV/0!;15,25;0,00;1,29;0,00;-1,29;100,00
JUL;BKB Plasma;SMM;SMM;982,75;130420;0;0;87554;1246483;#DIV/0!;14,24;0,00;1,27;0,00;-1,27;100,00
JUL;BKB Plasma;TGS;TGS;416,00;54374;0;0;41390;542855;#DIV/0!;13,12;0,00;1,30;0,00;-1,30;100,00
JUL;BKB Plasma;WRJ;WRJ;1051,40;140849;0;0;108690;1368949;#DIV/0!;12,60;0,00;1,30;0,00;-1,30;100,00
JUL;BKB Plasma 1;MTL;MTL;799,68;106447;0;0;62354;1079568;#DIV/0!;17,31;0,00;1,35;0,00;-1,35;100,00
JUL;BKB Plasma 1;SBU;SBU;29,10;4020;0;0;2784;44523;#DIV/0!;15,99;0,00;1,53;0,00;-1,53;100,00
JUL;BKB Plasma 1;TNB;TNB;111,43;14327;0;0;9799;170488;#DIV/0!;17,40;0,00;1,53;0,00;-1,53;100,00
JUL;BKB Plasma 1;SBH;SBH;495,52;66248;0;0;38563;674323;#DIV/0!;17,49;0,00;1,36;0,00;-1,36;100,00
JUL;FFD Inti;Rayon 1;RAY-1;1677,81;218379;0;0;257032;3759877;#DIV/0!;14,63;0,00;2,24;0,00;-2,24;100,00
JUL;FFD Inti;Rayon 2;RAY-2;1742,55;230645;0;0;253300;3815427;#DIV/0!;15,06;0,00;2,19;0,00;-2,19;100,00
JUL;FFD Plasma;BB1;BB1;612,27;80089;0;0;94272;1417152;#DIV/0!;15,03;0,00;2,31;0,00;-2,31;100,00
JUL;FFD Plasma;BB2A;BB2-A;39,80;5361;0;0;6522;92124;#DIV/0!;14,13;0,00;2,31;0,00;-2,31;100,00
JUL;FFD Plasma;BB2B;BB2-B;442,00;59052;0;0;72568;1028240;#DIV/0!;14,17;0,00;2,33;0,00;-2,33;100,00
JUL;FFD Plasma;BB3;BB3;14,00;1971;0;0;1777;31500;#DIV/0!;17,72;0,00;2,25;0,00;-2,25;100,00
JUL;FFD Plasma;BB4;BB4;324,10;43877;0;0;52648;758395;#DIV/0!;14,41;0,00;2,34;0,00;-2,34;100,00
JUL;FFD Plasma;BB5;BB5;145,15;19235;0;0;26575;339651;#DIV/0!;12,78;0,00;2,34;0,00;-2,34;100,00
JUL;FFD Plasma;JB1;JB1;521,80;68870;0;0;79044;1177564;#DIV/0!;14,90;0,00;2,26;0,00;-2,26;100,00
JUL;FFD Plasma;JB2;JB2;265,82;38182;0;0;45184;620155;#DIV/0!;13,73;0,00;2,33;0,00;-2,33;100,00
JUL;FFD Plasma;JB3;JB3;277,60;38497;0;0;50149;649585;#DIV/0!;12,95;0,00;2,34;0,00;-2,34;100,00
JUL;FFD Plasma;SR;SR;199,90;27072;0;0;32496;467014;#DIV/0!;14,37;0,00;2,34;0,00;-2,34;100,00
AGT;BKB Inti;Afdeling 1;AFD.1;1451,00;190109;0;0;216968;3554658;#DIV/0!;16,38;0,00;2,45;0,00;-2,45;100,00
AGT;BKB Inti;Afdeling 2;AFD.2;1496,00;195774;0;0;232896;3895534;#DIV/0!;16,73;0,00;2,60;0,00;-2,60;100,00
AGT;SC Inti;SC Inti;AFD6;393,60;51701;0;0;89807;1176862;#DIV/0!;13,10;0,00;2,99;0,00;-2,99;100,00
AGT;Setarap;Setarap;AFD-8;388,20;51154;0;0;83888;1160718;#DIV/0!;13,84;0,00;2,99;0,00;-2,99;100,00
AGT;SC Plasma;SC Plasma;AFD-7;196,30;26164;0;0;47127;586937;#DIV/0!;12,45;0,00;2,99;0,00;-2,99;100,00
AGT;BKB Plasma;SK1;SK1;187,50;24615;0;0;18397;301876;#DIV/0!;16,41;0,00;1,61;0,00;-1,61;100,00
AGT;BKB Plasma;SK2;SK2;158,00;20822;0;0;13341;260376;#DIV/0!;19,52;0,00;1,65;0,00;-1,65;100,00
AGT;BKB Plasma;SKA;SKA;233,00;30330;0;0;22297;410035;#DIV/0!;18,39;0,00;1,76;0,00;-1,76;100,00
AGT;BKB Plasma;SKB;SKB;321,00;43821;0;0;45326;590641;#DIV/0!;13,03;0,00;1,84;0,00;-1,84;100,00
AGT;BKB Plasma;SKC;SKC;55,00;7285;0;0;5319;101200;#DIV/0!;19,03;0,00;1,84;0,00;-1,84;100,00
AGT;BKB Plasma;SBB;SBB;1158,50;156587;0;0;125642;1916324;#DIV/0!;15,25;0,00;1,65;0,00;-1,65;100,00
AGT;BKB Plasma;SMM;SMM;982,75;130420;0;0;111875;1592728;#DIV/0!;14,24;0,00;1,62;0,00;-1,62;100,00
AGT;BKB Plasma;TGS;TGS;416,00;54374;0;0;52887;693648;#DIV/0!;13,12;0,00;1,67;0,00;-1,67;100,00
AGT;BKB Plasma;WRJ;WRJ;1051,40;140849;0;0;138881;1749213;#DIV/0!;12,60;0,00;1,66;0,00;-1,66;100,00
AGT;BKB Plasma 1;MTL;MTL;799,68;106447;0;0;79674;1379448;#DIV/0!;17,31;0,00;1,73;0,00;-1,73;100,00
AGT;BKB Plasma 1;SBU;SBU;29,10;4020;0;0;3558;56891;#DIV/0!;15,99;0,00;1,96;0,00;-1,96;100,00
AGT;BKB Plasma 1;TNB;TNB;111,43;14327;0;0;12521;217846;#DIV/0!;17,40;0,00;1,96;0,00;-1,96;100,00
AGT;BKB Plasma 1;SBH;SBH;495,52;66248;0;0;49275;861634;#DIV/0!;17,49;0,00;1,74;0,00;-1,74;100,00
AGT;FFD Inti;Rayon 1;RAY-1;1677,81;218379;0;0;328430;4804287;#DIV/0!;14,63;0,00;2,86;0,00;-2,86;100,00
AGT;FFD Inti;Rayon 2;RAY-2;1742,55;230645;0;0;323661;4875267;#DIV/0!;15,06;0,00;2,80;0,00;-2,80;100,00
AGT;FFD Plasma;BB1;BB1;612,27;80089;0;0;120458;1810805;#DIV/0!;15,03;0,00;2,96;0,00;-2,96;100,00
AGT;FFD Plasma;BB2A;BB2-A;39,80;5361;0;0;8333;117714;#DIV/0!;14,13;0,00;2,96;0,00;-2,96;100,00
AGT;FFD Plasma;BB2B;BB2-B;442,00;59052;0;0;92726;1313863;#DIV/0!;14,17;0,00;2,97;0,00;-2,97;100,00
AGT;FFD Plasma;BB3;BB3;14,00;1971;0;0;2271;40250;#DIV/0!;17,72;0,00;2,87;0,00;-2,87;100,00
AGT;FFD Plasma;BB4;BB4;324,10;43877;0;0;67272;969060;#DIV/0!;14,41;0,00;2,99;0,00;-2,99;100,00
AGT;FFD Plasma;BB5;BB5;145,15;19235;0;0;33957;433998;#DIV/0!;12,78;0,00;2,99;0,00;-2,99;100,00
AGT;FFD Plasma;JB1;JB1;521,80;68870;0;0;101001;1504665;#DIV/0!;14,90;0,00;2,88;0,00;-2,88;100,00
AGT;FFD Plasma;JB2;JB2;265,82;38182;0;0;57735;792421;#DIV/0!;13,73;0,00;2,98;0,00;-2,98;100,00
AGT;FFD Plasma;JB3;JB3;277,60;38497;0;0;64079;830025;#DIV/0!;12,95;0,00;2,99;0,00;-2,99;100,00
AGT;FFD Plasma;SR;SR;199,90;27072;0;0;41523;596740;#DIV/0!;14,37;0,00;2,99;0,00;-2,99;100,00
SEP;BKB Inti;Afdeling 1;AFD.1;1451,00;190109;0;0;156594;2565536;#DIV/0!;16,38;0,00;1,77;0,00;-1,77;100,00
SEP;BKB Inti;Afdeling 2;AFD.2;1496,00;195774;0;0;168090;2811559;#DIV/0!;16,73;0,00;1,88;0,00;-1,88;100,00
SEP;SC Inti;SC Inti;AFD6;393,60;51701;0;0;64818;849388;#DIV/0!;13,10;0,00;2,16;0,00;-2,16;100,00
SEP;Setarap;Setarap;AFD-8;388,20;51154;0;0;60546;837736;#DIV/0!;13,84;0,00;2,16;0,00;-2,16;100,00
SEP;SC Plasma;SC Plasma;AFD-7;196,30;26164;0;0;34013;423615;#DIV/0!;12,45;0,00;2,16;0,00;-2,16;100,00
SEP;BKB Plasma;SK1;SK1;187,50;24615;0;0;13278;217875;#DIV/0!;16,41;0,00;1,16;0,00;-1,16;100,00
SEP;BKB Plasma;SK2;SK2;158,00;20822;0;0;9628;187923;#DIV/0!;19,52;0,00;1,19;0,00;-1,19;100,00
SEP;BKB Plasma;SKA;SKA;233,00;30330;0;0;16093;295938;#DIV/0!;18,39;0,00;1,27;0,00;-1,27;100,00
SEP;BKB Plasma;SKB;SKB;321,00;43821;0;0;32713;426289;#DIV/0!;13,03;0,00;1,33;0,00;-1,33;100,00
SEP;BKB Plasma;SKC;SKC;55,00;7285;0;0;3839;73040;#DIV/0!;19,03;0,00;1,33;0,00;-1,33;100,00
SEP;BKB Plasma;SBB;SBB;1158,50;156587;0;0;90681;1383086;#DIV/0!;15,25;0,00;1,19;0,00;-1,19;100,00
SEP;BKB Plasma;SMM;SMM;982,75;130420;0;0;80744;1149534;#DIV/0!;14,24;0,00;1,17;0,00;-1,17;100,00
SEP;BKB Plasma;TGS;TGS;416,00;54374;0;0;38171;500633;#DIV/0!;13,12;0,00;1,20;0,00;-1,20;100,00
SEP;BKB Plasma;WRJ;WRJ;1051,40;140849;0;0;100236;1262475;#DIV/0!;12,60;0,00;1,20;0,00;-1,20;100,00
SEP;BKB Plasma 1;MTL;MTL;799,68;106447;0;0;57504;995602;#DIV/0!;17,31;0,00;1,25;0,00;-1,25;100,00
SEP;BKB Plasma 1;SBU;SBU;29,10;4020;0;0;2568;41060;#DIV/0!;15,99;0,00;1,41;0,00;-1,41;100,00
SEP;BKB Plasma 1;TNB;TNB;111,43;14327;0;0;9037;157228;#DIV/0!;17,40;0,00;1,41;0,00;-1,41;100,00
SEP;BKB Plasma 1;SBH;SBH;495,52;66248;0;0;35564;621875;#DIV/0!;17,49;0,00;1,25;0,00;-1,25;100,00
SEP;FFD Inti;Rayon 1;RAY-1;1677,81;218379;0;0;237041;3467442;#DIV/0!;14,63;0,00;2,07;0,00;-2,07;100,00
SEP;FFD Inti;Rayon 2;RAY-2;1742,55;230645;0;0;233598;3518671;#DIV/0!;15,06;0,00;2,02;0,00;-2,02;100,00
SEP;FFD Plasma;BB1;BB1;612,27;80089;0;0;86939;1306929;#DIV/0!;15,03;0,00;2,13;0,00;-2,13;100,00
SEP;FFD Plasma;BB2A;BB2-A;39,80;5361;0;0;6014;84959;#DIV/0!;14,13;0,00;2,13;0,00;-2,13;100,00
SEP;FFD Plasma;BB2B;BB2-B;442,00;59052;0;0;66924;948266;#DIV/0!;14,17;0,00;2,15;0,00;-2,15;100,00
SEP;FFD Plasma;BB3;BB3;14,00;1971;0;0;1639;29050;#DIV/0!;17,72;0,00;2,07;0,00;-2,07;100,00
SEP;FFD Plasma;BB4;BB4;324,10;43877;0;0;48553;699409;#DIV/0!;14,41;0,00;2,16;0,00;-2,16;100,00
SEP;FFD Plasma;BB5;BB5;145,15;19235;0;0;24508;313233;#DIV/0!;12,78;0,00;2,16;0,00;-2,16;100,00
SEP;FFD Plasma;JB1;JB1;521,80;68870;0;0;72896;1085976;#DIV/0!;14,90;0,00;2,08;0,00;-2,08;100,00
SEP;FFD Plasma;JB2;JB2;265,82;38182;0;0;41669;571921;#DIV/0!;13,73;0,00;2,15;0,00;-2,15;100,00
SEP;FFD Plasma;JB3;JB3;277,60;38497;0;0;46248;599061;#DIV/0!;12,95;0,00;2,16;0,00;-2,16;100,00
SEP;FFD Plasma;SR;SR;199,90;27072;0;0;29969;430690;#DIV/0!;14,37;0,00;2,15;0,00;-2,15;100,00
OKT;BKB Inti;Afdeling 1;AFD.1;1451,00;190109;0;0;143387;2349165;#DIV/0!;16,38;0,00;1,62;0,00;-1,62;100,00
OKT;BKB Inti;Afdeling 2;AFD.2;1496,00;195774;0;0;153914;2574440;#DIV/0!;16,73;0,00;1,72;0,00;-1,72;100,00
OKT;SC Inti;SC Inti;AFD6;393,60;51701;0;0;59351;777752;#DIV/0!;13,10;0,00;1,98;0,00;-1,98;100,00
OKT;Setarap;Setarap;AFD-8;388,20;51154;0;0;55439;767083;#DIV/0!;13,84;0,00;1,98;0,00;-1,98;100,00
OKT;SC Plasma;SC Plasma;AFD-7;196,30;26164;0;0;31145;387889;#DIV/0!;12,45;0,00;1,98;0,00;-1,98;100,00
OKT;BKB Plasma;SK1;SK1;187,50;24615;0;0;12158;199500;#DIV/0!;16,41;0,00;1,06;0,00;-1,06;100,00
OKT;BKB Plasma;SK2;SK2;158,00;20822;0;0;8816;172074;#DIV/0!;19,52;0,00;1,09;0,00;-1,09;100,00
OKT;BKB Plasma;SKA;SKA;233,00;30330;0;0;14735;270980;#DIV/0!;18,39;0,00;1,16;0,00;-1,16;100,00
OKT;BKB Plasma;SKB;SKB;321,00;43821;0;0;29954;390337;#DIV/0!;13,03;0,00;1,22;0,00;-1,22;100,00
OKT;BKB Plasma;SKC;SKC;55,00;7285;0;0;3515;66880;#DIV/0!;19,03;0,00;1,22;0,00;-1,22;100,00
OKT;BKB Plasma;SBB;SBB;1158,50;156587;0;0;83033;1266440;#DIV/0!;15,25;0,00;1,09;0,00;-1,09;100,00
OKT;BKB Plasma;SMM;SMM;982,75;130420;0;0;73935;1052585;#DIV/0!;14,24;0,00;1,07;0,00;-1,07;100,00
OKT;BKB Plasma;TGS;TGS;416,00;54374;0;0;34952;458411;#DIV/0!;13,12;0,00;1,10;0,00;-1,10;100,00
OKT;BKB Plasma;WRJ;WRJ;1051,40;140849;0;0;91782;1156001;#DIV/0!;12,60;0,00;1,10;0,00;-1,10;100,00
OKT;BKB Plasma 1;MTL;MTL;799,68;106447;0;0;52654;911635;#DIV/0!;17,31;0,00;1,14;0,00;-1,14;100,00
OKT;BKB Plasma 1;SBU;SBU;29,10;4020;0;0;2351;37597;#DIV/0!;15,99;0,00;1,29;0,00;-1,29;100,00
OKT;BKB Plasma 1;TNB;TNB;111,43;14327;0;0;8275;143968;#DIV/0!;17,40;0,00;1,29;0,00;-1,29;100,00
OKT;BKB Plasma 1;SBH;SBH;495,52;66248;0;0;32564;569428;#DIV/0!;17,49;0,00;1,15;0,00;-1,15;100,00
OKT;FFD Inti;Rayon 1;RAY-1;1677,81;218379;0;0;217049;3175007;#DIV/0!;14,63;0,00;1,89;0,00;-1,89;100,00
OKT;FFD Inti;Rayon 2;RAY-2;1742,55;230645;0;0;213897;3221916;#DIV/0!;15,06;0,00;1,85;0,00;-1,85;100,00
OKT;FFD Plasma;BB1;BB1;612,27;80089;0;0;79607;1196706;#DIV/0!;15,03;0,00;1,95;0,00;-1,95;100,00
OKT;FFD Plasma;BB2A;BB2-A;39,80;5361;0;0;5507;77794;#DIV/0!;14,13;0,00;1,95;0,00;-1,95;100,00
OKT;FFD Plasma;BB2B;BB2-B;442,00;59052;0;0;61280;868292;#DIV/0!;14,17;0,00;1,96;0,00;-1,96;100,00
OKT;FFD Plasma;BB3;BB3;14,00;1971;0;0;1501;26600;#DIV/0!;17,72;0,00;1,90;0,00;-1,90;100,00
OKT;FFD Plasma;BB4;BB4;324,10;43877;0;0;44458;640422;#DIV/0!;14,41;0,00;1,98;0,00;-1,98;100,00
OKT;FFD Plasma;BB5;BB5;145,15;19235;0;0;22441;286816;#DIV/0!;12,78;0,00;1,98;0,00;-1,98;100,00
OKT;FFD Plasma;JB1;JB1;521,80;68870;0;0;66748;994387;#DIV/0!;14,90;0,00;1,91;0,00;-1,91;100,00
OKT;FFD Plasma;JB2;JB2;265,82;38182;0;0;38155;523687;#DIV/0!;13,73;0,00;1,97;0,00;-1,97;100,00
OKT;FFD Plasma;JB3;JB3;277,60;38497;0;0;42348;548538;#DIV/0!;12,95;0,00;1,98;0,00;-1,98;100,00
OKT;FFD Plasma;SR;SR;199,90;27072;0;0;27441;394367;#DIV/0!;14,37;0,00;1,97;0,00;-1,97;100,00
NOV;BKB Inti;Afdeling 1;AFD.1;1451,00;190109;0;0;175461;2874637;#DIV/0!;16,38;0,00;1,98;0,00;-1,98;100,00
NOV;BKB Inti;Afdeling 2;AFD.2;1496,00;195774;0;0;188342;3150302;#DIV/0!;16,73;0,00;2,11;0,00;-2,11;100,00
NOV;SC Inti;SC Inti;AFD6;393,60;51701;0;0;72627;951723;#DIV/0!;13,10;0,00;2,42;0,00;-2,42;100,00
NOV;Setarap;Setarap;AFD-8;388,20;51154;0;0;67840;938668;#DIV/0!;13,84;0,00;2,42;0,00;-2,42;100,00
NOV;SC Plasma;SC Plasma;AFD-7;196,30;26164;0;0;38111;474653;#DIV/0!;12,45;0,00;2,42;0,00;-2,42;100,00
NOV;BKB Plasma;SK1;SK1;187,50;24615;0;0;14878;244125;#DIV/0!;16,41;0,00;1,30;0,00;-1,30;100,00
NOV;BKB Plasma;SK2;SK2;158,00;20822;0;0;10789;210565;#DIV/0!;19,52;0,00;1,33;0,00;-1,33;100,00
NOV;BKB Plasma;SKA;SKA;233,00;30330;0;0;18032;331593;#DIV/0!;18,39;0,00;1,42;0,00;-1,42;100,00
NOV;BKB Plasma;SKB;SKB;321,00;43821;0;0;36655;477649;#DIV/0!;13,03;0,00;1,49;0,00;-1,49;100,00
NOV;BKB Plasma;SKC;SKC;55,00;7285;0;0;4302;81840;#DIV/0!;19,03;0,00;1,49;0,00;-1,49;100,00
NOV;BKB Plasma;SBB;SBB;1158,50;156587;0;0;101606;1549723;#DIV/0!;15,25;0,00;1,34;0,00;-1,34;100,00
NOV;BKB Plasma;SMM;SMM;982,75;130420;0;0;90473;1288032;#DIV/0!;14,24;0,00;1,31;0,00;-1,31;100,00
NOV;BKB Plasma;TGS;TGS;416,00;54374;0;0;42770;560950;#DIV/0!;13,12;0,00;1,35;0,00;-1,35;100,00
NOV;BKB Plasma;WRJ;WRJ;1051,40;140849;0;0;112313;1414581;#DIV/0!;12,60;0,00;1,35;0,00;-1,35;100,00
NOV;BKB Plasma 1;MTL;MTL;799,68;106447;0;0;64432;1115554;#DIV/0!;17,31;0,00;1,40;0,00;-1,40;100,00
NOV;BKB Plasma 1;SBU;SBU;29,10;4020;0;0;2877;46007;#DIV/0!;15,99;0,00;1,58;0,00;-1,58;100,00
NOV;BKB Plasma 1;TNB;TNB;111,43;14327;0;0;10126;176171;#DIV/0!;17,40;0,00;1,58;0,00;-1,58;100,00
NOV;BKB Plasma 1;SBH;SBH;495,52;66248;0;0;39849;696800;#DIV/0!;17,49;0,00;1,41;0,00;-1,41;100,00
NOV;FFD Inti;Rayon 1;RAY-1;1677,81;218379;0;0;265600;3885206;#DIV/0!;14,63;0,00;2,32;0,00;-2,32;100,00
NOV;FFD Inti;Rayon 2;RAY-2;1742,55;230645;0;0;261743;3942607;#DIV/0!;15,06;0,00;2,26;0,00;-2,26;100,00
NOV;FFD Plasma;BB1;BB1;612,27;80089;0;0;97414;1464390;#DIV/0!;15,03;0,00;2,39;0,00;-2,39;100,00
NOV;FFD Plasma;BB2A;BB2-A;39,80;5361;0;0;6739;95195;#DIV/0!;14,13;0,00;2,39;0,00;-2,39;100,00
NOV;FFD Plasma;BB2B;BB2-B;442,00;59052;0;0;74987;1062515;#DIV/0!;14,17;0,00;2,40;0,00;-2,40;100,00
NOV;FFD Plasma;BB3;BB3;14,00;1971;0;0;1837;32550;#DIV/0!;17,72;0,00;2,32;0,00;-2,32;100,00
NOV;FFD Plasma;BB4;BB4;324,10;43877;0;0;54403;783675;#DIV/0!;14,41;0,00;2,42;0,00;-2,42;100,00
NOV;FFD Plasma;BB5;BB5;145,15;19235;0;0;27461;350972;#DIV/0!;12,78;0,00;2,42;0,00;-2,42;100,00
NOV;FFD Plasma;JB1;JB1;521,80;68870;0;0;81679;1216816;#DIV/0!;14,90;0,00;2,33;0,00;-2,33;100,00
NOV;FFD Plasma;JB2;JB2;265,82;38182;0;0;46690;640827;#DIV/0!;13,73;0,00;2,41;0,00;-2,41;100,00
NOV;FFD Plasma;JB3;JB3;277,60;38497;0;0;51820;671237;#DIV/0!;12,95;0,00;2,42;0,00;-2,42;100,00
NOV;FFD Plasma;SR;SR;199,90;27072;0;0;33579;482581;#DIV/0!;14,37;0,00;2,41;0,00;-2,41;100,00
DES;BKB Inti;Afdeling 1;AFD.1;1451,00;190109;0;0;188668;3091007;#DIV/0!;16,38;0,00;2,13;0,00;-2,13;100,00
DES;BKB Inti;Afdeling 2;AFD.2;1496,00;195774;0;0;202519;3387421;#DIV/0!;16,73;0,00;2,26;0,00;-2,26;100,00
DES;SC Inti;SC Inti;AFD6;393,60;51701;0;0;78093;1023358;#DIV/0!;13,10;0,00;2,60;0,00;-2,60;100,00
DES;Setarap;Setarap;AFD-8;388,20;51154;0;0;72946;1009320;#DIV/0!;13,84;0,00;2,60;0,00;-2,60;100,00
DES;SC Plasma;SC Plasma;AFD-7;196,30;26164;0;0;40980;510380;#DIV/0!;12,45;0,00;2,60;0,00;-2,60;100,00
DES;BKB Plasma;SK1;SK1;187,50;24615;0;0;15997;262500;#DIV/0!;16,41;0,00;1,40;0,00;-1,40;100,00
DES;BKB Plasma;SK2;SK2;158,00;20822;0;0;11601;226414;#DIV/0!;19,52;0,00;1,43;0,00;-1,43;100,00
DES;BKB Plasma;SKA;SKA;233,00;30330;0;0;19389;356552;#DIV/0!;18,39;0,00;1,53;0,00;-1,53;100,00
DES;BKB Plasma;SKB;SKB;321,00;43821;0;0;39414;513601;#DIV/0!;13,03;0,00;1,60;0,00;-1,60;100,00
DES;BKB Plasma;SKC;SKC;55,00;7285;0;0;4625;88000;#DIV/0!;19,03;0,00;1,60;0,00;-1,60;100,00
DES;BKB Plasma;SBB;SBB;1158,50;156587;0;0;109254;1666368;#DIV/0!;15,25;0,00;1,44;0,00;-1,44;100,00
DES;BKB Plasma;SMM;SMM;982,75;130420;0;0;97282;1384981;#DIV/0!;14,24;0,00;1,41;0,00;-1,41;100,00
DES;BKB Plasma;TGS;TGS;416,00;54374;0;0;45989;603172;#DIV/0!;13,12;0,00;1,45;0,00;-1,45;100,00
DES;BKB Plasma;WRJ;WRJ;1051,40;140849;0;0;120766;1521054;#DIV/0!;12,60;0,00;1,45;0,00;-1,45;100,00
DES;BKB Plasma 1;MTL;MTL;799,68;106447;0;0;69282;1199520;#DIV/0!;17,31;0,00;1,50;0,00;-1,50;100,00
DES;BKB Plasma 1;SBU;SBU;29,10;4020;0;0;3094;49470;#DIV/0!;15,99;0,00;1,70;0,00;-1,70;100,00
DES;BKB Plasma 1;TNB;TNB;111,43;14327;0;0;10888;189431;#DIV/0!;17,40;0,00;1,70;0,00;-1,70;100,00
DES;BKB Plasma 1;SBH;SBH;495,52;66248;0;0;42848;749247;#DIV/0!;17,49;0,00;1,51;0,00;-1,51;100,00
DES;FFD Inti;Rayon 1;RAY-1;1677,81;218379;0;0;285591;4177641;#DIV/0!;14,63;0,00;2,49;0,00;-2,49;100,00
DES;FFD Inti;Rayon 2;RAY-2;1742,55;230645;0;0;281444;4239363;#DIV/0!;15,06;0,00;2,43;0,00;-2,43;100,00
DES;FFD Plasma;BB1;BB1;612,27;80089;0;0;104746;1574613;#DIV/0!;15,03;0,00;2,57;0,00;-2,57;100,00
DES;FFD Plasma;BB2A;BB2-A;39,80;5361;0;0;7246;102360;#DIV/0!;14,13;0,00;2,57;0,00;-2,57;100,00
DES;FFD Plasma;BB2B;BB2-B;442,00;59052;0;0;80631;1142489;#DIV/0!;14,17;0,00;2,58;0,00;-2,58;100,00
DES;FFD Plasma;BB3;BB3;14,00;1971;0;0;1975;35000;#DIV/0!;17,72;0,00;2,50;0,00;-2,50;100,00
DES;FFD Plasma;BB4;BB4;324,10;43877;0;0;58498;842661;#DIV/0!;14,41;0,00;2,60;0,00;-2,60;100,00
DES;FFD Plasma;BB5;BB5;145,15;19235;0;0;29528;377390;#DIV/0!;12,78;0,00;2,60;0,00;-2,60;100,00
DES;FFD Plasma;JB1;JB1;521,80;68870;0;0;87827;1308404;#DIV/0!;14,90;0,00;2,51;0,00;-2,51;100,00
DES;FFD Plasma;JB2;JB2;265,82;38182;0;0;50204;689061;#DIV/0!;13,73;0,00;2,59;0,00;-2,59;100,00
DES;FFD Plasma;JB3;JB3;277,60;38497;0;0;55721;721761;#DIV/0!;12,95;0,00;2,60;0,00;-2,60;100,00
DES;FFD Plasma;SR;SR;199,90;27072;0;0;36107;518904;#DIV/0!;14,37;0,00;2,60;0,00;-2,60;100,00
