Bulan;PT;Kebun;Afdeling;Kode Afd;Luas;Pokok;Jjg Akt.;Kg Akt.;Jjg Sns.;Kg Sns.;BJR Akt.;BJR Sns.;Ton/ha Akt.;Ton/ha Sns.;% Cap.;Gap Ton/Ha;Gap %
JAN;BKB;BKB Inti;Afdeling 1;AFD.1;1451;190109;87219;1500690;114027;1860220;17,21;16,31;1,03;1,28;80,67;-0,25;19,33
JAN;BKB;BKB Inti;Afdeling 2;AFD.2;1496;195774;98538;1631260;129940;2061742;16,55;15,87;1,09;1,38;79,12;-0,29;20,88
JAN;BKB;SC Inti;SC Inti;AFD6;393,6;51701;25985;356420;32116;426066;13,72;13,27;0,91;1,08;83,65;-0,18;16,35
JAN;BKB;Setarap;Setarap;AFD-8;388,2;51154;38557;523930;58407;785205;13,59;13,44;1,35;2,02;66,73;-0,67;33,27
JAN;BKB;SC Plasma;SC Plasma;AFD-7;196,3;26164;13410;188860;23058;313906;14,08;13,61;0,96;1,6;60,16;-0,64;39,84
JAN;BKB;BKB Plasma;SK1;SK1;187,5;24615;9922;137490;10357;142193;13,86;13,73;0,73;0,76;96,69;-0,03;3,31
JAN;BKB;BKB Plasma;SK2;SK2;158;20822;8962;165470;10398;181773;18,46;17,48;1,05;1,15;91,03;-0,1;8,97
JAN;BKB;BKB Plasma;SKA;SKA;233;30330;11648;201040;18811;311796;17,26;16,58;0,86;1,34;64,48;-0,48;35,52
JAN;BKB;BKB Plasma;SKB;SKB;321;43821;31068;423230;38881;525011;13,62;13,5;1,32;1,64;80,61;-0,32;19,39
JAN;BKB;BKB Plasma;SKC;SKC;55;7285;3382;55280;2896;46513;16,35;16,06;1,01;0,85;118,85;0,16;-18,85
JAN;BKB;BKB Plasma;SBB;SBB;1158,5;156587;61124;873190;52796;723210;14,29;13,7;0,75;0,62;120,74;0,13;-20,74
JAN;BKB;BKB Plasma;SMM;SMM;982,75;130420;42901;527430;57244;700077;12,29;12,23;0,54;0,71;75,34;-0,18;24,66
JAN;BKB;BKB Plasma;TGS;TGS;416;54374;24395;286060;24677;285482;11,73;11,57;0,69;0,69;100,2;0;-0,2
JAN;BKB;BKB Plasma;WRJ;WRJ;1051,4;140849;50685;593180;57786;646963;11,7;11,2;0,56;0,62;91,69;-0,05;8,31
JAN;BKB;BKB Plasma 1;MTL;MTL;799,68;106447;42428;753830;49211;832727;17,77;16,92;0,94;1,04;90,53;-0,1;9,47
JAN;BKB;BKB Plasma 1;SBU;SBU;29,1;4020;702;10640;1365;14134;15,16;10,36;0,37;0,49;75,28;-0,12;24,72
JAN;BKB;BKB Plasma 1;TNB;TNB;111,43;14327;5301;94578;6175;112866;17,84;18,28;0,85;1,01;83,8;-0,16;16,2
JAN;BKB;BKB Plasma 1;SBH;SBH;495,52;66248;26166;502882;29131;533085;19,22;18,3;1,01;1,08;94,33;-0,06;5,67
JAN;FFD;FFD Inti;Rayon 1;RAY-1;1677,81;218379;90961;1287070;135432;1819120;14,15;13,43;0,77;1,08;70,75;-0,32;29,25
JAN;FFD;FFD Inti;Rayon 2;RAY-2;1742,55;230645;73669;1095570;131491;1926053;14,87;14,65;0,63;1,11;56,88;-0,48;43,12
JAN;FFD;FFD Plasma;BB1;BB1;612,27;80089;39262;645820;59480;948402;16,45;15,95;1,05;1,55;68,1;-0,49;31,9
JAN;FFD;FFD Plasma;BB2A;BB2-A;39,8;5361;2165;35030;3674;57485;16,18;15,65;0,88;1,44;60,94;-0,56;39,06
JAN;FFD;FFD Plasma;BB2B;BB2-B;442;59052;24493;363280;37749;557310;14,83;14,76;0,82;1,26;65,18;-0,44;34,82
JAN;FFD;FFD Plasma;BB3;BB3;14;1971;609;11530;1552;28181;18,93;18,16;0,82;2,01;40,91;-1,19;59,09
JAN;FFD;FFD Plasma;BB4;BB4;324,1;43877;21358;337650;34281;512783;15,81;14,96;1,04;1,58;65,85;-0,54;34,15
JAN;FFD;FFD Plasma;BB5;BB5;145,15;19235;14255;200560;21262;279149;14,07;13,13;1,38;1,92;71,85;-0,54;28,15
JAN;FFD;FFD Plasma;JB1;JB1;521,8;68870;39018;501570;34496;442125;12,85;12,82;0,96;0,85;113,45;0,11;-13,45
JAN;FFD;FFD Plasma;JB2;JB2;265,82;38182;17450;268350;23502;355798;15,38;15,14;1,01;1,34;75,42;-0,33;24,58
JAN;FFD;FFD Plasma;JB3;JB3;277,6;38497;17618;245760;27668;387689;13,95;14,01;0,89;1,4;63,39;-0,51;36,61
JAN;FFD;FFD Plasma;SR;SR;199,9;27072;11992;189860;17477;272137;15,83;15,57;0,95;1,36;69,77;-0,41;30,23
FEB;BKB;BKB Inti;Afdeling 1;AFD.1;1451;190109;77834;1362420;77089;1257614;17,5;16,31;0,94;0,87;108,33;0,07;-8,33
FEB;BKB;BKB Inti;Afdeling 2;AFD.2;1496;195774;95997;1552520;87847;1393854;16,17;15,87;1,04;0,93;111,38;0,11;-11,38
FEB;BKB;SC Inti;SC Inti;AFD6;393,6;51701;17921;261050;21712;288045;14,57;13,27;0,66;0,73;90,63;-0,07;9,37
FEB;BKB;Setarap;Setarap;AFD-8;388,2;51154;41001;538880;39487;530843;13,14;13,44;1,39;1,37;101,51;0,02;-1,51
FEB;BKB;SC Plasma;SC Plasma;AFD-7;196,3;26164;11630;162770;15588;212218;14;13,61;0,83;1,08;76,7;-0,25;23,3
FEB;BKB;BKB Plasma;SK1;SK1;187,5;24615;9087;126260;7002;96131;13,89;13,73;0,67;0,51;131,34;0,16;-31,34
FEB;BKB;BKB Plasma;SK2;SK2;158;20822;7751;136840;7029;122888;17,65;17,48;0,87;0,78;111,35;0,09;-11,35
FEB;BKB;BKB Plasma;SKA;SKA;233;30330;13962;236460;12717;210792;16,94;16,58;1,01;0,9;112,18;0,11;-12,18
FEB;BKB;BKB Plasma;SKB;SKB;321;43821;27473;374510;26286;354937;13,63;13,5;1,17;1,11;105,51;0,06;-5,51
FEB;BKB;BKB Plasma;SKC;SKC;55;7285;2987;50610;1958;31446;16,94;16,06;0,92;0,57;160,94;0,35;-60,94
FEB;BKB;BKB Plasma;SBB;SBB;1158,5;156587;50783;685280;35693;488931;13,49;13,7;0,59;0,42;140,16;0,17;-40,16
FEB;BKB;BKB Plasma;SMM;SMM;982,75;130420;51719;593600;38700;473292;11,48;12,23;0,6;0,48;125,42;0,12;-25,42
FEB;BKB;BKB Plasma;TGS;TGS;416;54374;19028;227700;16683;193002;11,97;11,57;0,55;0,46;117,98;0,08;-17,98
FEB;BKB;BKB Plasma;WRJ;WRJ;1051,4;140849;47966;545610;39066;437384;11,37;11,2;0,52;0,42;124,74;0,1;-24,74
FEB;BKB;BKB Plasma 1;MTL;MTL;799,68;106447;34765;599730;33269;562971;17,25;16,92;0,75;0,7;106,53;0,05;-6,53
FEB;BKB;BKB Plasma 1;SBU;SBU;29,1;4020;822;11962;923;9556;14,55;10,36;0,41;0,33;125,18;0,08;-25,18
FEB;BKB;BKB Plasma 1;TNB;TNB;111,43;14327;5044;85901;4175;76304;17,03;18,28;0,77;0,68;112,58;0,09;-12,58
FEB;BKB;BKB Plasma 1;SBH;SBH;495,52;66248;25448;470507;19694;360396;18,49;18,3;0,95;0,73;130,55;0,22;-30,55
FEB;FFD;FFD Inti;Rayon 1;RAY-1;1677,81;218379;72064;1051240;91560;1229827;14,59;13,43;0,63;0,73;85,48;-0,11;14,52
FEB;FFD;FFD Inti;Rayon 2;RAY-2;1742,55;230645;60599;928380;88895;1302121;15,32;14,65;0,53;0,75;71,3;-0,21;28,7
FEB;FFD;FFD Plasma;BB1;BB1;612,27;80089;30359;519800;40212;641174;17,12;15,95;0,85;1,05;81,07;-0,2;18,93
FEB;FFD;FFD Plasma;BB2A;BB2-A;39,8;5361;1621;25590;2484;38863;15,79;15,65;0,64;0,98;65,85;-0,33;34,15
FEB;FFD;FFD Plasma;BB2B;BB2-B;442;59052;16350;243550;25521;376773;14,9;14,76;0,55;0,85;64,64;-0,3;35,36
FEB;FFD;FFD Plasma;BB3;BB3;14;1971;807;16540;1049;19052;20,5;18,16;1,18;1,36;86,82;-0,18;13,18
FEB;FFD;FFD Plasma;BB4;BB4;324,1;43877;16129;262620;23176;346671;16,28;14,96;0,81;1,07;75,75;-0,26;24,25
FEB;FFD;FFD Plasma;BB5;BB5;145,15;19235;10701;151210;14374;188720;14,13;13,13;1,04;1,3;80,12;-0,26;19,88
FEB;FFD;FFD Plasma;JB1;JB1;521,8;68870;23881;300600;23321;298901;12,59;12,82;0,58;0,57;100,57;0;-0,57
FEB;FFD;FFD Plasma;JB2;JB2;265,82;38182;12876;198010;15888;240539;15,38;15,14;0,74;0,9;82,32;-0,16;17,68
FEB;FFD;FFD Plasma;JB3;JB3;277,6;38497;13634;192350;18705;262100;14,11;14,01;0,69;0,94;73,39;-0,25;26,61
FEB;FFD;FFD Plasma;SR;SR;199,9;27072;7532;118910;11816;183980;15,79;15,57;0,59;0,92;64,63;-0,33;35,37
MAR;BKB;BKB Inti;Afdeling 1;AFD.1;1451;190109;82843;1503390;93149;1519617;18,15;16,31;1,04;1,05;98,93;-0,01;1,07
MAR;BKB;BKB Inti;Afdeling 2;AFD.2;1496;195774;107639;1810180;106148;1684240;16,82;15,87;1,21;1,13;107,48;0,08;-7,48
MAR;BKB;SC Inti;SC Inti;AFD6;393,6;51701;16890;253930;26236;348054;15,03;13,27;0,65;0,88;72,96;-0,24;27,04
MAR;BKB;Setarap;Setarap;AFD-8;388,2;51154;48970;677410;47713;641435;13,83;13,44;1,75;1,65;105,61;0,09;-5,61
MAR;BKB;SC Plasma;SC Plasma;AFD-7;196,3;26164;13911;204760;18836;256430;14,72;13,61;1,04;1,31;79,85;-0,26;20,15
MAR;BKB;BKB Plasma;SK1;SK1;187,5;24615;6325;91880;8460;116158;14,53;13,73;0,49;0,62;79,1;-0,13;20,9
MAR;BKB;BKB Plasma;SK2;SK2;158;20822;7766;143460;8494;148490;18,47;17,48;0,91;0,94;96,61;-0,03;3,39
MAR;BKB;BKB Plasma;SKA;SKA;233;30330;12664;223060;15367;254707;17,61;16,58;0,96;1,09;87,58;-0,14;12,42
MAR;BKB;BKB Plasma;SKB;SKB;321;43821;26669;379710;31762;428882;14,24;13,5;1,18;1,34;88,53;-0,15;11,47
MAR;BKB;BKB Plasma;SKC;SKC;55;7285;2467;41750;2366;37997;16,92;16,06;0,76;0,69;109,88;0,07;-9,88
MAR;BKB;BKB Plasma;SBB;SBB;1158,5;156587;33987;494450;43129;590791;14,55;13,7;0,43;0,51;83,69;-0,08;16,31
MAR;BKB;BKB Plasma;SMM;SMM;982,75;130420;35554;405640;46763;571894;11,41;12,23;0,41;0,58;70,93;-0,17;29,07
MAR;BKB;BKB Plasma;TGS;TGS;416;54374;15873;195140;20159;233211;12,29;11,57;0,47;0,56;83,68;-0,09;16,32
MAR;BKB;BKB Plasma;WRJ;WRJ;1051,4;140849;35714;429990;47205;528505;12,04;11,2;0,41;0,5;81,36;-0,09;18,64
MAR;BKB;BKB Plasma 1;MTL;MTL;799,68;106447;32219;557630;40200;680256;17,31;16,92;0,7;0,85;81,97;-0,15;18,03
MAR;BKB;BKB Plasma 1;SBU;SBU;29,1;4020;549;8460;1115;11546;15,41;10,36;0,29;0,4;73,27;-0,11;26,73
MAR;BKB;BKB Plasma 1;TNB;TNB;111,43;14327;3388;58532;5044;92200;17,28;18,28;0,53;0,83;63,48;-0,3;36,52
MAR;BKB;BKB Plasma 1;SBH;SBH;495,52;66248;20208;389698;23797;435478;19,28;18,3;0,79;0,88;89,49;-0,09;10,51
MAR;FFD;FFD Inti;Rayon 1;RAY-1;1677,81;218379;83158;1303730;110635;1486041;15,68;13,43;0,78;0,89;87,73;-0,11;12,27
MAR;FFD;FFD Inti;Rayon 2;RAY-2;1742,55;230645;81071;1403680;107415;1573396;17,31;14,65;0,81;0,9;89,21;-0,1;10,79
MAR;FFD;FFD Plasma;BB1;BB1;612,27;80089;37959;692030;48589;774751;18,23;15,94;1,13;1,27;89,32;-0,14;10,68
MAR;FFD;FFD Plasma;BB2A;BB2-A;39,8;5361;2726;45480;3001;46959;16,68;15,65;1,14;1,18;96,85;-0,04;3,15
MAR;FFD;FFD Plasma;BB2B;BB2-B;442;59052;23088;370940;30837;455267;16,07;14,76;0,84;1,03;81,48;-0,19;18,52
MAR;FFD;FFD Plasma;BB3;BB3;14;1971;1129;22470;1268;23021;19,9;18,16;1,61;1,64;97,61;-0,04;2,39
MAR;FFD;FFD Plasma;BB4;BB4;324,1;43877;19608;322960;28004;418894;16,47;14,96;1;1,29;77,1;-0,3;22,9
MAR;FFD;FFD Plasma;BB5;BB5;145,15;19235;14087;219270;17369;228037;15,57;13,13;1,51;1,57;96,16;-0,06;3,84
MAR;FFD;FFD Plasma;JB1;JB1;521,8;68870;27720;361730;28180;361173;13,05;12,82;0,69;0,69;100,15;0;-0,15
MAR;FFD;FFD Plasma;JB2;JB2;265,82;38182;14770;235090;19199;290651;15,92;15,14;0,88;1,09;80,88;-0,21;19,12
MAR;FFD;FFD Plasma;JB3;JB3;277,6;38497;19539;301280;22602;316704;15,42;14,01;1,09;1,14;95,13;-0,06;4,87
MAR;FFD;FFD Plasma;SR;SR;199,9;27072;9984;178410;14277;222309;17,87;15,57;0,89;1,11;80,25;-0,22;19,75
APR;BKB;BKB Inti;Afdeling 1;AFD.1;1451;190109;126734;2316640;112421;1834020;18,28;16,31;1,6;1,26;126,31;0,33;-26,31
APR;BKB;BKB Inti;Afdeling 2;AFD.2;1496;195774;141891;2467640;128110;2032704;17,39;15,87;1,65;1,36;121,4;0,29;-21,4
APR;BKB;SC Inti;SC Inti;AFD6;393,6;51701;28758;467130;31664;420065;16,24;13,27;1,19;1,07;111,2;0,12;-11,2
APR;BKB;Setarap;Setarap;AFD-8;388,2;51154;64142;937660;57585;774146;14,62;13,44;2,42;1,99;121,12;0,42;-21,12
APR;BKB;SC Plasma;SC Plasma;AFD-7;196,3;26164;29167;450360;22733;309485;15,44;13,61;2,29;1,58;145,52;0,72;-45,52
APR;BKB;BKB Plasma;SK1;SK1;187,5;24615;9958;141710;10211;140190;14,23;13,73;0,76;0,75;101,08;0,01;-1,08
APR;BKB;BKB Plasma;SK2;SK2;158;20822;9332;167820;10251;179212;17,98;17,48;1,06;1,13;93,64;-0,07;6,36
APR;BKB;BKB Plasma;SKA;SKA;233;30330;18762;330500;18546;307405;17,62;16,58;1,42;1,32;107,51;0,1;-7,51
APR;BKB;BKB Plasma;SKB;SKB;321;43821;32778;469850;38334;517617;14,33;13,5;1,46;1,61;90,77;-0,15;9,23
APR;BKB;BKB Plasma;SKC;SKC;55;7285;3061;53400;2855;45858;17,45;16,06;0,97;0,83;116,45;0,14;-16,45
APR;BKB;BKB Plasma;SBB;SBB;1158,5;156587;36567;513760;52052;713024;14,05;13,7;0,44;0,62;72,05;-0,17;27,95
APR;BKB;BKB Plasma;SMM;SMM;982,75;130420;50546;601760;56438;690217;11,91;12,23;0,61;0,7;87,18;-0,09;12,82
APR;BKB;BKB Plasma;TGS;TGS;416;54374;21230;250270;24329;281461;11,79;11,57;0,6;0,68;88,92;-0,07;11,08
APR;BKB;BKB Plasma;WRJ;WRJ;1051,4;140849;45719;551370;56972;637851;12,06;11,2;0,52;0,61;86,44;-0,08;13,56
APR;BKB;BKB Plasma 1;MTL;MTL;799,68;106447;31804;568020;48517;820999;17,86;16,92;0,71;1,03;69,19;-0,32;30,81
APR;BKB;BKB Plasma 1;SBU;SBU;29,1;4020;730;11750;1346;13935;16,1;10,36;0,4;0,48;84,32;-0,08;15,68
APR;BKB;BKB Plasma 1;TNB;TNB;111,43;14327;4691;83890;6088;111276;17,88;18,28;0,75;1;75,39;-0,25;24,61
APR;BKB;BKB Plasma 1;SBH;SBH;495,52;66248;18060;347770;28721;525577;19,26;18,3;0,7;1,06;66,17;-0,36;33,83
APR;FFD;FFD Inti;Rayon 1;RAY-1;1677,81;218379;138518;2254560;133525;1793498;16,28;13,43;1,34;1,07;125,71;0,27;-25,71
APR;FFD;FFD Inti;Rayon 2;RAY-2;1742,55;230645;135286;2489520;129639;1898926;18,4;14,65;1,43;1,09;131,1;0,34;-31,1
APR;FFD;FFD Plasma;BB1;BB1;612,27;80089;61222;1147780;58642;935045;18,75;15,94;1,87;1,53;122,75;0,35;-22,75
APR;FFD;FFD Plasma;BB2A;BB2-A;39,8;5361;3330;59100;3622;56675;17,75;15,65;1,48;1,42;104,28;0,06;-4,28
APR;FFD;FFD Plasma;BB2B;BB2-B;442;59052;36578;619020;37217;549460;16,92;14,76;1,4;1,24;112,66;0,16;-12,66
APR;FFD;FFD Plasma;BB3;BB3;14;1971;1980;39540;1530;27784;19,97;18,16;2,82;1,98;142,31;0,84;-42,31
APR;FFD;FFD Plasma;BB4;BB4;324,1;43877;37271;648440;33798;505561;17,4;14,96;2;1,56;128,26;0,44;-28,26
APR;FFD;FFD Plasma;BB5;BB5;145,15;19235;26795;413500;20962;275217;15,43;13,13;2,85;1,9;150,25;0,95;-50,25
APR;FFD;FFD Plasma;JB1;JB1;521,8;68870;31821;470580;34010;435898;14,79;12,82;0,9;0,84;107,96;0,07;-7,96
APR;FFD;FFD Plasma;JB2;JB2;265,82;38182;23061;396840;23171;350786;17,21;15,14;1,49;1,32;113,13;0,17;-13,13
APR;FFD;FFD Plasma;JB3;JB3;277,6;38497;33336;554020;27278;382229;16,62;14,01;2;1,38;144,94;0,62;-44,94
APR;FFD;FFD Plasma;SR;SR;199,9;27072;24475;441110;17231;268304;18,02;15,57;2,21;1,34;164,41;0,86;-64,41
MEI;BKB;BKB Inti;Afdeling 1;AFD.1;1451;190109;144646;2732780;124350;2307343;18,89;18,56;1,88;1,59;118,44;0,29;-18,44
MEI;BKB;BKB Inti;Afdeling 2;AFD.2;1496;195774;173750;3059330;141466;2472577;17,61;17,48;2,05;1,65;123,73;0,39;-23,73
MEI;BKB;SC Inti;SC Inti;AFD6;393,6;51701;52971;869770;50370;820132;16,42;16,28;2,21;2,08;106,05;0,13;-6,05
MEI;BKB;Setarap;Setarap;AFD-8;388,2;51154;66896;1025090;65190;993242;15,32;15,24;2,64;2,56;103,21;0,08;-3,21
MEI;BKB;SC Plasma;SC Plasma;AFD-7;196,3;26164;29846;472110;30622;476105;15,82;15,55;2,41;2,43;99,16;-0,02;0,84
MEI;BKB;BKB Plasma;SK1;SK1;187,5;24615;11550;177710;7595;109545;15,39;14,42;0,95;0,58;162,23;0,36;-62,23
MEI;BKB;BKB Plasma;SK2;SK2;158;20822;12181;224020;7315;133059;18,39;18,19;1,42;0,84;168,36;0,58;-68,36
MEI;BKB;BKB Plasma;SKA;SKA;233;30330;16506;298090;12001;210888;18,06;17,57;1,28;0,91;141,35;0,37;-41,35
MEI;BKB;BKB Plasma;SKB;SKB;321;43821;32625;499160;27442;392686;15,3;14,31;1,56;1,22;127,11;0,33;-27,11
MEI;BKB;BKB Plasma;SKC;SKC;55;7285;2870;53090;2228;39003;18,5;17,51;0,97;0,71;136,12;0,26;-36,12
MEI;BKB;BKB Plasma;SBB;SBB;1158,5;156587;53964;770060;35338;514761;14,27;14,57;0,66;0,44;149,6;0,22;-49,6
MEI;BKB;BKB Plasma;SMM;SMM;982,75;130420;55556;728190;33995;421202;13,11;12,39;0,74;0,43;172,88;0,31;-72,88
MEI;BKB;BKB Plasma;TGS;TGS;416;54374;28346;352920;15665;182751;12,45;11,67;0,85;0,44;193,12;0,41;-93,12
MEI;BKB;BKB Plasma;WRJ;WRJ;1051,4;140849;62448;769070;35155;420316;12,32;11,96;0,73;0,4;182,97;0,33;-82,97
MEI;BKB;BKB Plasma 1;MTL;MTL;799,68;106447;38812;702860;28608;517476;18,11;18,09;0,88;0,65;135,82;0,23;-35,82
MEI;BKB;BKB Plasma 1;SBU;SBU;29,1;4020;1053;16294;686;10996;15,47;16,04;0,56;0,38;148,19;0,18;-48,19
MEI;BKB;BKB Plasma 1;TNB;TNB;111,43;14327;5243;93336;5175;92388;17,8;17,85;0,84;0,83;101,03;0,01;-1,03
MEI;BKB;BKB Plasma 1;SBH;SBH;495,52;66248;23443;456310;19024;372839;19,46;19,6;0,92;0,75;122,39;0,17;-22,39
MEI;FFD;FFD Inti;Rayon 1;RAY-1;1677,81;218379;169968;2896170;158778;2580625;17,04;16,25;1,73;1,54;112,23;0,19;-12,23
MEI;FFD;FFD Inti;Rayon 2;RAY-2;1742,55;230645;180157;3364340;168388;3100780;18,67;18,41;1,93;1,78;108,5;0,15;-8,5
MEI;FFD;FFD Plasma;BB1;BB1;612,27;80089;80323;1502570;80810;1513198;18,71;18,73;2,45;2,47;99,3;-0,02;0,7
MEI;FFD;FFD Plasma;BB2A;BB2-A;39,8;5361;5547;95910;4231;75981;17,29;17,96;2,41;1,91;126,23;0,5;-26,23
MEI;FFD;FFD Plasma;BB2B;BB2-B;442;59052;53369;904480;49634;841081;16,95;16,95;2,05;1,9;107,54;0,14;-7,54
MEI;FFD;FFD Plasma;BB3;BB3;14;1971;1608;30180;1581;31531;18,77;19,94;2,16;2,25;95,71;-0,1;4,29
MEI;FFD;FFD Plasma;BB4;BB4;324,1;43877;47585;842330;41927;724909;17,7;17,29;2,6;2,24;116,2;0,36;-16,2
MEI;FFD;FFD Plasma;BB5;BB5;145,15;19235;23919;366600;21978;341152;15,33;15,52;2,53;2,35;107,46;0,18;-7,46
MEI;FFD;FFD Plasma;JB1;JB1;521,8;68870;50057;768340;43921;649043;15,35;14,78;1,47;1,24;118,38;0,23;-18,38
MEI;FFD;FFD Plasma;JB2;JB2;265,82;38182;36200;629800;39151;677173;17,4;17,3;2,37;2,55;93;-0,18;7
MEI;FFD;FFD Plasma;JB3;JB3;277,6;38497;36063;603900;41960;702813;16,75;16,75;2,18;2,53;85,93;-0,36;14,07
MEI;FFD;FFD Plasma;SR;SR;199,9;27072;31081;576820;28587;519863;18,56;18,19;2,89;2,6;110,96;0,28;-10,96
JUN;BKB;BKB Inti;Afdeling 1;AFD.1;1451;190109;0;0;165799;3076457;#DIV/0!;18,56;0;2,12;0;-2,12;100
JUN;BKB;BKB Inti;Afdeling 2;AFD.2;1496;195774;0;0;188621;3296769;#DIV/0!;17,48;0;2,2;0;-2,2;100
JUN;BKB;SC Inti;SC Inti;AFD6;393,6;51701;0;0;67159;1093509;#DIV/0!;16,28;0;2,78;0;-2,78;100
JUN;BKB;Setarap;Setarap;AFD-8;388,2;51154;0;0;86920;1324322;#DIV/0!;15,24;0;3,41;0;-3,41;100
JUN;BKB;SC Plasma;SC Plasma;AFD-7;196,3;26164;0;0;40829;634806;#DIV/0!;15,55;0;3,23;0;-3,23;100
JUN;BKB;BKB Plasma;SK1;SK1;187,5;24615;0;0;10127;146060;#DIV/0!;14,42;0;0,78;0;-0,78;100
JUN;BKB;BKB Plasma;SK2;SK2;158;20822;0;0;9754;177412;#DIV/0!;18,19;0;1,12;0;-1,12;100
JUN;BKB;BKB Plasma;SKA;SKA;233;30330;0;0;16002;281183;#DIV/0!;17,57;0;1,21;0;-1,21;100
JUN;BKB;BKB Plasma;SKB;SKB;321;43821;0;0;36589;523581;#DIV/0!;14,31;0;1,63;0;-1,63;100
JUN;BKB;BKB Plasma;SKC;SKC;55;7285;0;0;2971;52004;#DIV/0!;17,51;0;0,95;0;-0,95;100
JUN;BKB;BKB Plasma;SBB;SBB;1158,5;156587;0;0;47118;686348;#DIV/0!;14,57;0;0,59;0;-0,59;100
JUN;BKB;BKB Plasma;SMM;SMM;982,75;130420;0;0;45327;561602;#DIV/0!;12,39;0;0,57;0;-0,57;100
JUN;BKB;BKB Plasma;TGS;TGS;416;54374;0;0;20887;243668;#DIV/0!;11,67;0;0,59;0;-0,59;100
JUN;BKB;BKB Plasma;WRJ;WRJ;1051,4;140849;0;0;46874;560422;#DIV/0!;11,96;0;0,53;0;-0,53;100
JUN;BKB;BKB Plasma 1;MTL;MTL;799,68;106447;0;0;38143;689968;#DIV/0!;18,09;0;0,86;0;-0,86;100
JUN;BKB;BKB Plasma 1;SBU;SBU;29,1;4020;0;0;914;14661;#DIV/0!;16,04;0;0,5;0;-0,5;100
JUN;BKB;BKB Plasma 1;TNB;TNB;111,43;14327;0;0;6901;123184;#DIV/0!;17,85;0;1,11;0;-1,11;100
JUN;BKB;BKB Plasma 1;SBH;SBH;495,52;66248;0;0;25365;497119;#DIV/0!;19,6;0;1;0;-1;100
JUN;FFD;FFD Inti;Rayon 1;RAY-1;1677,81;218379;0;0;211704;3440833;#DIV/0!;16,25;0;2,05;0;-2,05;100
JUN;FFD;FFD Inti;Rayon 2;RAY-2;1742,55;230645;0;0;224518;4134373;#DIV/0!;18,41;0;2,37;0;-2,37;100
JUN;FFD;FFD Plasma;BB1;BB1;612,27;80089;0;0;107747;2017598;#DIV/0!;18,73;0;3,3;0;-3,3;100
JUN;FFD;FFD Plasma;BB2A;BB2-A;39,8;5361;0;0;5642;101308;#DIV/0!;17,96;0;2,55;0;-2,55;100
JUN;FFD;FFD Plasma;BB2B;BB2-B;442;59052;0;0;66179;1121441;#DIV/0!;16,95;0;2,54;0;-2,54;100
JUN;FFD;FFD Plasma;BB3;BB3;14;1971;0;0;2108;42042;#DIV/0!;19,94;0;3;0;-3;100
JUN;FFD;FFD Plasma;BB4;BB4;324,1;43877;0;0;55902;966546;#DIV/0!;17,29;0;2,98;0;-2,98;100
JUN;FFD;FFD Plasma;BB5;BB5;145,15;19235;0;0;29304;454870;#DIV/0!;15,52;0;3,13;0;-3,13;100
JUN;FFD;FFD Plasma;JB1;JB1;521,8;68870;0;0;58562;865391;#DIV/0!;14,78;0;1,66;0;-1,66;100
JUN;FFD;FFD Plasma;JB2;JB2;265,82;38182;0;0;52202;902897;#DIV/0!;17,3;0;3,4;0;-3,4;100
JUN;FFD;FFD Plasma;JB3;JB3;277,6;38497;0;0;55947;937084;#DIV/0!;16,75;0;3,38;0;-3,38;100
JUN;FFD;FFD Plasma;SR;SR;199,9;27072;0;0;38116;693150;#DIV/0!;18,19;0;3,47;0;-3,47;100
JUL;BKB;BKB Inti;Afdeling 1;AFD.1;1451;190109;0;0;133232;2472153;#DIV/0!;18,56;0;1,7;0;-1,7;100
JUL;BKB;BKB Inti;Afdeling 2;AFD.2;1496;195774;0;0;151570;2649190;#DIV/0!;17,48;0;1,77;0;-1,77;100
JUL;BKB;SC Inti;SC Inti;AFD6;393,6;51701;0;0;53967;878712;#DIV/0!;16,28;0;2,23;0;-2,23;100
JUL;BKB;Setarap;Setarap;AFD-8;388,2;51154;0;0;69847;1064188;#DIV/0!;15,24;0;2,74;0;-2,74;100
JUL;BKB;SC Plasma;SC Plasma;AFD-7;196,3;26164;0;0;32809;510112;#DIV/0!;15,55;0;2,6;0;-2,6;100
JUL;BKB;BKB Plasma;SK1;SK1;187,5;24615;0;0;8138;117370;#DIV/0!;14,42;0;0,63;0;-0,63;100
JUL;BKB;BKB Plasma;SK2;SK2;158;20822;0;0;7838;142563;#DIV/0!;18,19;0;0,9;0;-0,9;100
JUL;BKB;BKB Plasma;SKA;SKA;233;30330;0;0;12858;225951;#DIV/0!;17,57;0;0,97;0;-0,97;100
JUL;BKB;BKB Plasma;SKB;SKB;321;43821;0;0;29402;420735;#DIV/0!;14,31;0;1,31;0;-1,31;100
JUL;BKB;BKB Plasma;SKC;SKC;55;7285;0;0;2387;41789;#DIV/0!;17,51;0;0,76;0;-0,76;100
JUL;BKB;BKB Plasma;SBB;SBB;1158,5;156587;0;0;37862;551530;#DIV/0!;14,57;0;0,48;0;-0,48;100
JUL;BKB;BKB Plasma;SMM;SMM;982,75;130420;0;0;36424;451288;#DIV/0!;12,39;0;0,46;0;-0,46;100
JUL;BKB;BKB Plasma;TGS;TGS;416;54374;0;0;16784;195804;#DIV/0!;11,67;0;0,47;0;-0,47;100
JUL;BKB;BKB Plasma;WRJ;WRJ;1051,4;140849;0;0;37667;450339;#DIV/0!;11,96;0;0,43;0;-0,43;100
JUL;BKB;BKB Plasma 1;MTL;MTL;799,68;106447;0;0;30651;554439;#DIV/0!;18,09;0;0,69;0;-0,69;100
JUL;BKB;BKB Plasma 1;SBU;SBU;29,1;4020;0;0;735;11781;#DIV/0!;16,04;0;0,4;0;-0,4;100
JUL;BKB;BKB Plasma 1;TNB;TNB;111,43;14327;0;0;5545;98987;#DIV/0!;17,85;0;0,89;0;-0,89;100
JUL;BKB;BKB Plasma 1;SBH;SBH;495,52;66248;0;0;20383;399471;#DIV/0!;19,6;0;0,81;0;-0,81;100
JUL;FFD;FFD Inti;Rayon 1;RAY-1;1677,81;218379;0;0;170120;2764955;#DIV/0!;16,25;0;1,65;0;-1,65;100
JUL;FFD;FFD Inti;Rayon 2;RAY-2;1742,55;230645;0;0;180416;3322264;#DIV/0!;18,41;0;1,91;0;-1,91;100
JUL;FFD;FFD Plasma;BB1;BB1;612,27;80089;0;0;86582;1621284;#DIV/0!;18,73;0;2,65;0;-2,65;100
JUL;FFD;FFD Plasma;BB2A;BB2-A;39,8;5361;0;0;4534;81408;#DIV/0!;17,96;0;2,05;0;-2,05;100
JUL;FFD;FFD Plasma;BB2B;BB2-B;442;59052;0;0;53179;901158;#DIV/0!;16,95;0;2,04;0;-2,04;100
JUL;FFD;FFD Plasma;BB3;BB3;14;1971;0;0;1694;33783;#DIV/0!;19,94;0;2,41;0;-2,41;100
JUL;FFD;FFD Plasma;BB4;BB4;324,1;43877;0;0;44921;776689;#DIV/0!;17,29;0;2,4;0;-2,4;100
JUL;FFD;FFD Plasma;BB5;BB5;145,15;19235;0;0;23548;365520;#DIV/0!;15,52;0;2,52;0;-2,52;100
JUL;FFD;FFD Plasma;JB1;JB1;521,8;68870;0;0;47059;695403;#DIV/0!;14,78;0;1,33;0;-1,33;100
JUL;FFD;FFD Plasma;JB2;JB2;265,82;38182;0;0;41948;725542;#DIV/0!;17,3;0;2,73;0;-2,73;100
JUL;FFD;FFD Plasma;JB3;JB3;277,6;38497;0;0;44957;753014;#DIV/0!;16,75;0;2,71;0;-2,71;100
JUL;FFD;FFD Plasma;SR;SR;199,9;27072;0;0;30629;556996;#DIV/0!;18,19;0;2,79;0;-2,79;100
AGT;BKB;BKB Inti;Afdeling 1;AFD.1;1451;190109;0;0;170241;3158862;#DIV/0!;18,56;0;2,18;0;-2,18;100
AGT;BKB;BKB Inti;Afdeling 2;AFD.2;1496;195774;0;0;193673;3385076;#DIV/0!;17,48;0;2,26;0;-2,26;100
AGT;BKB;SC Inti;SC Inti;AFD6;393,6;51701;0;0;68958;1122799;#DIV/0!;16,28;0;2,85;0;-2,85;100
AGT;BKB;Setarap;Setarap;AFD-8;388,2;51154;0;0;89248;1359795;#DIV/0!;15,24;0;3,5;0;-3,5;100
AGT;BKB;SC Plasma;SC Plasma;AFD-7;196,3;26164;0;0;41923;651810;#DIV/0!;15,55;0;3,32;0;-3,32;100
AGT;BKB;BKB Plasma;SK1;SK1;187,5;24615;0;0;10399;149972;#DIV/0!;14,42;0;0,8;0;-0,8;100
AGT;BKB;BKB Plasma;SK2;SK2;158;20822;0;0;10015;182164;#DIV/0!;18,19;0;1,15;0;-1,15;100
AGT;BKB;BKB Plasma;SKA;SKA;233;30330;0;0;16430;288715;#DIV/0!;17,57;0;1,24;0;-1,24;100
AGT;BKB;BKB Plasma;SKB;SKB;321;43821;0;0;37570;537606;#DIV/0!;14,31;0;1,67;0;-1,67;100
AGT;BKB;BKB Plasma;SKC;SKC;55;7285;0;0;3050;53397;#DIV/0!;17,51;0;0,97;0;-0,97;100
AGT;BKB;BKB Plasma;SBB;SBB;1158,5;156587;0;0;48380;704732;#DIV/0!;14,57;0;0,61;0;-0,61;100
AGT;BKB;BKB Plasma;SMM;SMM;982,75;130420;0;0;46541;576645;#DIV/0!;12,39;0;0,59;0;-0,59;100
AGT;BKB;BKB Plasma;TGS;TGS;416;54374;0;0;21446;250194;#DIV/0!;11,67;0;0,6;0;-0,6;100
AGT;BKB;BKB Plasma;WRJ;WRJ;1051,4;140849;0;0;48130;575433;#DIV/0!;11,96;0;0,55;0;-0,55;100
AGT;BKB;BKB Plasma 1;MTL;MTL;799,68;106447;0;0;39165;708449;#DIV/0!;18,09;0;0,89;0;-0,89;100
AGT;BKB;BKB Plasma 1;SBU;SBU;29,1;4020;0;0;939;15053;#DIV/0!;16,04;0;0,52;0;-0,52;100
AGT;BKB;BKB Plasma 1;TNB;TNB;111,43;14327;0;0;7085;126483;#DIV/0!;17,85;0;1,14;0;-1,14;100
AGT;BKB;BKB Plasma 1;SBH;SBH;495,52;66248;0;0;26045;510435;#DIV/0!;19,6;0;1,03;0;-1,03;100
AGT;FFD;FFD Inti;Rayon 1;RAY-1;1677,81;218379;0;0;217375;3532998;#DIV/0!;16,25;0;2,11;0;-2,11;100
AGT;FFD;FFD Inti;Rayon 2;RAY-2;1742,55;230645;0;0;230532;4245115;#DIV/0!;18,41;0;2,44;0;-2,44;100
AGT;FFD;FFD Plasma;BB1;BB1;612,27;80089;0;0;110633;2071641;#DIV/0!;18,73;0;3,38;0;-3,38;100
AGT;FFD;FFD Plasma;BB2A;BB2-A;39,8;5361;0;0;5793;104021;#DIV/0!;17,96;0;2,61;0;-2,61;100
AGT;FFD;FFD Plasma;BB2B;BB2-B;442;59052;0;0;67952;1151480;#DIV/0!;16,95;0;2,61;0;-2,61;100
AGT;FFD;FFD Plasma;BB3;BB3;14;1971;0;0;2165;43168;#DIV/0!;19,94;0;3,08;0;-3,08;100
AGT;FFD;FFD Plasma;BB4;BB4;324,1;43877;0;0;57399;992435;#DIV/0!;17,29;0;3,06;0;-3,06;100
AGT;FFD;FFD Plasma;BB5;BB5;145,15;19235;0;0;30089;467054;#DIV/0!;15,52;0;3,22;0;-3,22;100
AGT;FFD;FFD Plasma;JB1;JB1;521,8;68870;0;0;60131;888571;#DIV/0!;14,78;0;1,7;0;-1,7;100
AGT;FFD;FFD Plasma;JB2;JB2;265,82;38182;0;0;53600;927081;#DIV/0!;17,3;0;3,49;0;-3,49;100
AGT;FFD;FFD Plasma;JB3;JB3;277,6;38497;0;0;57445;962184;#DIV/0!;16,75;0;3,47;0;-3,47;100
AGT;FFD;FFD Plasma;SR;SR;199,9;27072;0;0;39136;711717;#DIV/0!;18,19;0;3,56;0;-3,56;100
SEP;BKB;BKB Inti;Afdeling 1;AFD.1;1451;190109;0;0;0;0;#DIV/0!;#DIV/0!;0;0;#DIV/0!;0;#DIV/0!
SEP;BKB;BKB Inti;Afdeling 2;AFD.2;1496;195774;0;0;0;0;#DIV/0!;#DIV/0!;0;0;#DIV/0!;0;#DIV/0!
SEP;BKB;SC Inti;SC Inti;AFD6;393,6;51701;0;0;0;0;#DIV/0!;#DIV/0!;0;0;#DIV/0!;0;#DIV/0!
SEP;BKB;Setarap;Setarap;AFD-8;388,2;51154;0;0;0;0;#DIV/0!;#DIV/0!;0;0;#DIV/0!;0;#DIV/0!
SEP;BKB;SC Plasma;SC Plasma;AFD-7;196,3;26164;0;0;0;0;#DIV/0!;#DIV/0!;0;0;#DIV/0!;0;#DIV/0!
SEP;BKB;BKB Plasma;SK1;SK1;187,5;24615;0;0;0;0;#DIV/0!;#DIV/0!;0;0;#DIV/0!;0;#DIV/0!
SEP;BKB;BKB Plasma;SK2;SK2;158;20822;0;0;0;0;#DIV/0!;#DIV/0!;0;0;#DIV/0!;0;#DIV/0!
SEP;BKB;BKB Plasma;SKA;SKA;233;30330;0;0;0;0;#DIV/0!;#DIV/0!;0;0;#DIV/0!;0;#DIV/0!
SEP;BKB;BKB Plasma;SKB;SKB;321;43821;0;0;0;0;#DIV/0!;#DIV/0!;0;0;#DIV/0!;0;#DIV/0!
SEP;BKB;BKB Plasma;SKC;SKC;55;7285;0;0;0;0;#DIV/0!;#DIV/0!;0;0;#DIV/0!;0;#DIV/0!
SEP;BKB;BKB Plasma;SBB;SBB;1158,5;156587;0;0;0;0;#DIV/0!;#DIV/0!;0;0;#DIV/0!;0;#DIV/0!
SEP;BKB;BKB Plasma;SMM;SMM;982,75;130420;0;0;0;0;#DIV/0!;#DIV/0!;0;0;#DIV/0!;0;#DIV/0!
SEP;BKB;BKB Plasma;TGS;TGS;416;54374;0;0;0;0;#DIV/0!;#DIV/0!;0;0;#DIV/0!;0;#DIV/0!
SEP;BKB;BKB Plasma;WRJ;WRJ;1051,4;140849;0;0;0;0;#DIV/0!;#DIV/0!;0;0;#DIV/0!;0;#DIV/0!
SEP;BKB;BKB Plasma 1;MTL;MTL;799,68;106447;0;0;0;0;#DIV/0!;#DIV/0!;0;0;#DIV/0!;0;#DIV/0!
SEP;BKB;BKB Plasma 1;SBU;SBU;29,1;4020;0;0;0;0;#DIV/0!;#DIV/0!;0;0;#DIV/0!;0;#DIV/0!
SEP;BKB;BKB Plasma 1;TNB;TNB;111,43;14327;0;0;0;0;#DIV/0!;#DIV/0!;0;0;#DIV/0!;0;#DIV/0!
SEP;BKB;BKB Plasma 1;SBH;SBH;495,52;66248;0;0;0;0;#DIV/0!;#DIV/0!;0;0;#DIV/0!;0;#DIV/0!
SEP;FFD;FFD Inti;Rayon 1;RAY-1;1677,81;218379;0;0;0;0;#DIV/0!;#DIV/0!;0;0;#DIV/0!;0;#DIV/0!
SEP;FFD;FFD Inti;Rayon 2;RAY-2;1742,55;230645;0;0;0;0;#DIV/0!;#DIV/0!;0;0;#DIV/0!;0;#DIV/0!
SEP;FFD;FFD Plasma;BB1;BB1;612,27;80089;0;0;0;0;#DIV/0!;#DIV/0!;0;0;#DIV/0!;0;#DIV/0!
SEP;FFD;FFD Plasma;BB2A;BB2-A;39,8;5361;0;0;0;0;#DIV/0!;#DIV/0!;0;0;#DIV/0!;0;#DIV/0!
SEP;FFD;FFD Plasma;BB2B;BB2-B;442;59052;0;0;0;0;#DIV/0!;#DIV/0!;0;0;#DIV/0!;0;#DIV/0!
SEP;FFD;FFD Plasma;BB3;BB3;14;1971;0;0;0;0;#DIV/0!;#DIV/0!;0;0;#DIV/0!;0;#DIV/0!
SEP;FFD;FFD Plasma;BB4;BB4;324,1;43877;0;0;0;0;#DIV/0!;#DIV/0!;0;0;#DIV/0!;0;#DIV/0!
SEP;FFD;FFD Plasma;BB5;BB5;145,15;19235;0;0;0;0;#DIV/0!;#DIV/0!;0;0;#DIV/0!;0;#DIV/0!
SEP;FFD;FFD Plasma;JB1;JB1;521,8;68870;0;0;0;0;#DIV/0!;#DIV/0!;0;0;#DIV/0!;0;#DIV/0!
SEP;FFD;FFD Plasma;JB2;JB2;265,82;38182;0;0;0;0;#DIV/0!;#DIV/0!;0;0;#DIV/0!;0;#DIV/0!
SEP;FFD;FFD Plasma;JB3;JB3;277,6;38497;0;0;0;0;#DIV/0!;#DIV/0!;0;0;#DIV/0!;0;#DIV/0!
SEP;FFD;FFD Plasma;SR;SR;199,9;27072;0;0;0;0;#DIV/0!;#DIV/0!;0;0;#DIV/0!;0;#DIV/0!
OKT;BKB;BKB Inti;Afdeling 1;AFD.1;1451;190109;0;0;0;0;#DIV/0!;#DIV/0!;0;0;#DIV/0!;0;#DIV/0!
OKT;BKB;BKB Inti;Afdeling 2;AFD.2;1496;195774;0;0;0;0;#DIV/0!;#DIV/0!;0;0;#DIV/0!;0;#DIV/0!
OKT;BKB;SC Inti;SC Inti;AFD6;393,6;51701;0;0;0;0;#DIV/0!;#DIV/0!;0;0;#DIV/0!;0;#DIV/0!
OKT;BKB;Setarap;Setarap;AFD-8;388,2;51154;0;0;0;0;#DIV/0!;#DIV/0!;0;0;#DIV/0!;0;#DIV/0!
OKT;BKB;SC Plasma;SC Plasma;AFD-7;196,3;26164;0;0;0;0;#DIV/0!;#DIV/0!;0;0;#DIV/0!;0;#DIV/0!
OKT;BKB;BKB Plasma;SK1;SK1;187,5;24615;0;0;0;0;#DIV/0!;#DIV/0!;0;0;#DIV/0!;0;#DIV/0!
OKT;BKB;BKB Plasma;SK2;SK2;158;20822;0;0;0;0;#DIV/0!;#DIV/0!;0;0;#DIV/0!;0;#DIV/0!
OKT;BKB;BKB Plasma;SKA;SKA;233;30330;0;0;0;0;#DIV/0!;#DIV/0!;0;0;#DIV/0!;0;#DIV/0!
OKT;BKB;BKB Plasma;SKB;SKB;321;43821;0;0;0;0;#DIV/0!;#DIV/0!;0;0;#DIV/0!;0;#DIV/0!
OKT;BKB;BKB Plasma;SKC;SKC;55;7285;0;0;0;0;#DIV/0!;#DIV/0!;0;0;#DIV/0!;0;#DIV/0!
OKT;BKB;BKB Plasma;SBB;SBB;1158,5;156587;0;0;0;0;#DIV/0!;#DIV/0!;0;0;#DIV/0!;0;#DIV/0!
OKT;BKB;BKB Plasma;SMM;SMM;982,75;130420;0;0;0;0;#DIV/0!;#DIV/0!;0;0;#DIV/0!;0;#DIV/0!
OKT;BKB;BKB Plasma;TGS;TGS;416;54374;0;0;0;0;#DIV/0!;#DIV/0!;0;0;#DIV/0!;0;#DIV/0!
OKT;BKB;BKB Plasma;WRJ;WRJ;1051,4;140849;0;0;0;0;#DIV/0!;#DIV/0!;0;0;#DIV/0!;0;#DIV/0!
OKT;BKB;BKB Plasma 1;MTL;MTL;799,68;106447;0;0;0;0;#DIV/0!;#DIV/0!;0;0;#DIV/0!;0;#DIV/0!
OKT;BKB;BKB Plasma 1;SBU;SBU;29,1;4020;0;0;0;0;#DIV/0!;#DIV/0!;0;0;#DIV/0!;0;#DIV/0!
OKT;BKB;BKB Plasma 1;TNB;TNB;111,43;14327;0;0;0;0;#DIV/0!;#DIV/0!;0;0;#DIV/0!;0;#DIV/0!
OKT;BKB;BKB Plasma 1;SBH;SBH;495,52;66248;0;0;0;0;#DIV/0!;#DIV/0!;0;0;#DIV/0!;0;#DIV/0!
OKT;FFD;FFD Inti;Rayon 1;RAY-1;1677,81;218379;0;0;0;0;#DIV/0!;#DIV/0!;0;0;#DIV/0!;0;#DIV/0!
OKT;FFD;FFD Inti;Rayon 2;RAY-2;1742,55;230645;0;0;0;0;#DIV/0!;#DIV/0!;0;0;#DIV/0!;0;#DIV/0!
OKT;FFD;FFD Plasma;BB1;BB1;612,27;80089;0;0;0;0;#DIV/0!;#DIV/0!;0;0;#DIV/0!;0;#DIV/0!
OKT;FFD;FFD Plasma;BB2A;BB2-A;39,8;5361;0;0;0;0;#DIV/0!;#DIV/0!;0;0;#DIV/0!;0;#DIV/0!
OKT;FFD;FFD Plasma;BB2B;BB2-B;442;59052;0;0;0;0;#DIV/0!;#DIV/0!;0;0;#DIV/0!;0;#DIV/0!
OKT;FFD;FFD Plasma;BB3;BB3;14;1971;0;0;0;0;#DIV/0!;#DIV/0!;0;0;#DIV/0!;0;#DIV/0!
OKT;FFD;FFD Plasma;BB4;BB4;324,1;43877;0;0;0;0;#DIV/0!;#DIV/0!;0;0;#DIV/0!;0;#DIV/0!
OKT;FFD;FFD Plasma;BB5;BB5;145,15;19235;0;0;0;0;#DIV/0!;#DIV/0!;0;0;#DIV/0!;0;#DIV/0!
OKT;FFD;FFD Plasma;JB1;JB1;521,8;68870;0;0;0;0;#DIV/0!;#DIV/0!;0;0;#DIV/0!;0;#DIV/0!
OKT;FFD;FFD Plasma;JB2;JB2;265,82;38182;0;0;0;0;#DIV/0!;#DIV/0!;0;0;#DIV/0!;0;#DIV/0!
OKT;FFD;FFD Plasma;JB3;JB3;277,6;38497;0;0;0;0;#DIV/0!;#DIV/0!;0;0;#DIV/0!;0;#DIV/0!
OKT;FFD;FFD Plasma;SR;SR;199,9;27072;0;0;0;0;#DIV/0!;#DIV/0!;0;0;#DIV/0!;0;#DIV/0!
NOV;BKB;BKB Inti;Afdeling 1;AFD.1;1451;190109;0;0;0;0;#DIV/0!;#DIV/0!;0;0;#DIV/0!;0;#DIV/0!
NOV;BKB;BKB Inti;Afdeling 2;AFD.2;1496;195774;0;0;0;0;#DIV/0!;#DIV/0!;0;0;#DIV/0!;0;#DIV/0!
NOV;BKB;SC Inti;SC Inti;AFD6;393,6;51701;0;0;0;0;#DIV/0!;#DIV/0!;0;0;#DIV/0!;0;#DIV/0!
NOV;BKB;Setarap;Setarap;AFD-8;388,2;51154;0;0;0;0;#DIV/0!;#DIV/0!;0;0;#DIV/0!;0;#DIV/0!
NOV;BKB;SC Plasma;SC Plasma;AFD-7;196,3;26164;0;0;0;0;#DIV/0!;#DIV/0!;0;0;#DIV/0!;0;#DIV/0!
NOV;BKB;BKB Plasma;SK1;SK1;187,5;24615;0;0;0;0;#DIV/0!;#DIV/0!;0;0;#DIV/0!;0;#DIV/0!
NOV;BKB;BKB Plasma;SK2;SK2;158;20822;0;0;0;0;#DIV/0!;#DIV/0!;0;0;#DIV/0!;0;#DIV/0!
NOV;BKB;BKB Plasma;SKA;SKA;233;30330;0;0;0;0;#DIV/0!;#DIV/0!;0;0;#DIV/0!;0;#DIV/0!
NOV;BKB;BKB Plasma;SKB;SKB;321;43821;0;0;0;0;#DIV/0!;#DIV/0!;0;0;#DIV/0!;0;#DIV/0!
NOV;BKB;BKB Plasma;SKC;SKC;55;7285;0;0;0;0;#DIV/0!;#DIV/0!;0;0;#DIV/0!;0;#DIV/0!
NOV;BKB;BKB Plasma;SBB;SBB;1158,5;156587;0;0;0;0;#DIV/0!;#DIV/0!;0;0;#DIV/0!;0;#DIV/0!
NOV;BKB;BKB Plasma;SMM;SMM;982,75;130420;0;0;0;0;#DIV/0!;#DIV/0!;0;0;#DIV/0!;0;#DIV/0!
NOV;BKB;BKB Plasma;TGS;TGS;416;54374;0;0;0;0;#DIV/0!;#DIV/0!;0;0;#DIV/0!;0;#DIV/0!
NOV;BKB;BKB Plasma;WRJ;WRJ;1051,4;140849;0;0;0;0;#DIV/0!;#DIV/0!;0;0;#DIV/0!;0;#DIV/0!
NOV;BKB;BKB Plasma 1;MTL;MTL;799,68;106447;0;0;0;0;#DIV/0!;#DIV/0!;0;0;#DIV/0!;0;#DIV/0!
NOV;BKB;BKB Plasma 1;SBU;SBU;29,1;4020;0;0;0;0;#DIV/0!;#DIV/0!;0;0;#DIV/0!;0;#DIV/0!
NOV;BKB;BKB Plasma 1;TNB;TNB;111,43;14327;0;0;0;0;#DIV/0!;#DIV/0!;0;0;#DIV/0!;0;#DIV/0!
NOV;BKB;BKB Plasma 1;SBH;SBH;495,52;66248;0;0;0;0;#DIV/0!;#DIV/0!;0;0;#DIV/0!;0;#DIV/0!
NOV;FFD;FFD Inti;Rayon 1;RAY-1;1677,81;218379;0;0;0;0;#DIV/0!;#DIV/0!;0;0;#DIV/0!;0;#DIV/0!
NOV;FFD;FFD Inti;Rayon 2;RAY-2;1742,55;230645;0;0;0;0;#DIV/0!;#DIV/0!;0;0;#DIV/0!;0;#DIV/0!
NOV;FFD;FFD Plasma;BB1;BB1;612,27;80089;0;0;0;0;#DIV/0!;#DIV/0!;0;0;#DIV/0!;0;#DIV/0!
NOV;FFD;FFD Plasma;BB2A;BB2-A;39,8;5361;0;0;0;0;#DIV/0!;#DIV/0!;0;0;#DIV/0!;0;#DIV/0!
NOV;FFD;FFD Plasma;BB2B;BB2-B;442;59052;0;0;0;0;#DIV/0!;#DIV/0!;0;0;#DIV/0!;0;#DIV/0!
NOV;FFD;FFD Plasma;BB3;BB3;14;1971;0;0;0;0;#DIV/0!;#DIV/0!;0;0;#DIV/0!;0;#DIV/0!
NOV;FFD;FFD Plasma;BB4;BB4;324,1;43877;0;0;0;0;#DIV/0!;#DIV/0!;0;0;#DIV/0!;0;#DIV/0!
NOV;FFD;FFD Plasma;BB5;BB5;145,15;19235;0;0;0;0;#DIV/0!;#DIV/0!;0;0;#DIV/0!;0;#DIV/0!
NOV;FFD;FFD Plasma;JB1;JB1;521,8;68870;0;0;0;0;#DIV/0!;#DIV/0!;0;0;#DIV/0!;0;#DIV/0!
NOV;FFD;FFD Plasma;JB2;JB2;265,82;38182;0;0;0;0;#DIV/0!;#DIV/0!;0;0;#DIV/0!;0;#DIV/0!
NOV;FFD;FFD Plasma;JB3;JB3;277,6;38497;0;0;0;0;#DIV/0!;#DIV/0!;0;0;#DIV/0!;0;#DIV/0!
NOV;FFD;FFD Plasma;SR;SR;199,9;27072;0;0;0;0;#DIV/0!;#DIV/0!;0;0;#DIV/0!;0;#DIV/0!
DES;BKB;BKB Inti;Afdeling 1;AFD.1;1451;190109;0;0;0;0;#DIV/0!;#DIV/0!;0;0;#DIV/0!;0;#DIV/0!
DES;BKB;BKB Inti;Afdeling 2;AFD.2;1496;195774;0;0;0;0;#DIV/0!;#DIV/0!;0;0;#DIV/0!;0;#DIV/0!
DES;BKB;SC Inti;SC Inti;AFD6;393,6;51701;0;0;0;0;#DIV/0!;#DIV/0!;0;0;#DIV/0!;0;#DIV/0!
DES;BKB;Setarap;Setarap;AFD-8;388,2;51154;0;0;0;0;#DIV/0!;#DIV/0!;0;0;#DIV/0!;0;#DIV/0!
DES;BKB;SC Plasma;SC Plasma;AFD-7;196,3;26164;0;0;0;0;#DIV/0!;#DIV/0!;0;0;#DIV/0!;0;#DIV/0!
DES;BKB;BKB Plasma;SK1;SK1;187,5;24615;0;0;0;0;#DIV/0!;#DIV/0!;0;0;#DIV/0!;0;#DIV/0!
DES;BKB;BKB Plasma;SK2;SK2;158;20822;0;0;0;0;#DIV/0!;#DIV/0!;0;0;#DIV/0!;0;#DIV/0!
DES;BKB;BKB Plasma;SKA;SKA;233;30330;0;0;0;0;#DIV/0!;#DIV/0!;0;0;#DIV/0!;0;#DIV/0!
DES;BKB;BKB Plasma;SKB;SKB;321;43821;0;0;0;0;#DIV/0!;#DIV/0!;0;0;#DIV/0!;0;#DIV/0!
DES;BKB;BKB Plasma;SKC;SKC;55;7285;0;0;0;0;#DIV/0!;#DIV/0!;0;0;#DIV/0!;0;#DIV/0!
DES;BKB;BKB Plasma;SBB;SBB;1158,5;156587;0;0;0;0;#DIV/0!;#DIV/0!;0;0;#DIV/0!;0;#DIV/0!
DES;BKB;BKB Plasma;SMM;SMM;982,75;130420;0;0;0;0;#DIV/0!;#DIV/0!;0;0;#DIV/0!;0;#DIV/0!
DES;BKB;BKB Plasma;TGS;TGS;416;54374;0;0;0;0;#DIV/0!;#DIV/0!;0;0;#DIV/0!;0;#DIV/0!
DES;BKB;BKB Plasma;WRJ;WRJ;1051,4;140849;0;0;0;0;#DIV/0!;#DIV/0!;0;0;#DIV/0!;0;#DIV/0!
DES;BKB;BKB Plasma 1;MTL;MTL;799,68;106447;0;0;0;0;#DIV/0!;#DIV/0!;0;0;#DIV/0!;0;#DIV/0!
DES;BKB;BKB Plasma 1;SBU;SBU;29,1;4020;0;0;0;0;#DIV/0!;#DIV/0!;0;0;#DIV/0!;0;#DIV/0!
DES;BKB;BKB Plasma 1;TNB;TNB;111,43;14327;0;0;0;0;#DIV/0!;#DIV/0!;0;0;#DIV/0!;0;#DIV/0!
DES;BKB;BKB Plasma 1;SBH;SBH;495,52;66248;0;0;0;0;#DIV/0!;#DIV/0!;0;0;#DIV/0!;0;#DIV/0!
DES;FFD;FFD Inti;Rayon 1;RAY-1;1677,81;218379;0;0;0;0;#DIV/0!;#DIV/0!;0;0;#DIV/0!;0;#DIV/0!
DES;FFD;FFD Inti;Rayon 2;RAY-2;1742,55;230645;0;0;0;0;#DIV/0!;#DIV/0!;0;0;#DIV/0!;0;#DIV/0!
DES;FFD;FFD Plasma;BB1;BB1;612,27;80089;0;0;0;0;#DIV/0!;#DIV/0!;0;0;#DIV/0!;0;#DIV/0!
DES;FFD;FFD Plasma;BB2A;BB2-A;39,8;5361;0;0;0;0;#DIV/0!;#DIV/0!;0;0;#DIV/0!;0;#DIV/0!
DES;FFD;FFD Plasma;BB2B;BB2-B;442;59052;0;0;0;0;#DIV/0!;#DIV/0!;0;0;#DIV/0!;0;#DIV/0!
DES;FFD;FFD Plasma;BB3;BB3;14;1971;0;0;0;0;#DIV/0!;#DIV/0!;0;0;#DIV/0!;0;#DIV/0!
DES;FFD;FFD Plasma;BB4;BB4;324,1;43877;0;0;0;0;#DIV/0!;#DIV/0!;0;0;#DIV/0!;0;#DIV/0!
DES;FFD;FFD Plasma;BB5;BB5;145,15;19235;0;0;0;0;#DIV/0!;#DIV/0!;0;0;#DIV/0!;0;#DIV/0!
DES;FFD;FFD Plasma;JB1;JB1;521,8;68870;0;0;0;0;#DIV/0!;#DIV/0!;0;0;#DIV/0!;0;#DIV/0!
DES;FFD;FFD Plasma;JB2;JB2;265,82;38182;0;0;0;0;#DIV/0!;#DIV/0!;0;0;#DIV/0!;0;#DIV/0!
DES;FFD;FFD Plasma;JB3;JB3;277,6;38497;0;0;0;0;#DIV/0!;#DIV/0!;0;0;#DIV/0!;0;#DIV/0!
DES;FFD;FFD Plasma;SR;SR;199,9;27072;0;0;0;0;#DIV/0!;#DIV/0!;0;0;#DIV/0!;0;#DIV/0!
