TAHUN;BULAN;KEBUN;LUAS;POKOK;AKT_KG;AKT_JJG;BJR_AKT
2022;JAN;BKB INTI;3145,5;411561;3320060;171323;19,38
2022;FEB;BKB INTI;3145,5;411561;2626000;133674;19,64
2022;MAR;BKB INTI;3145,5;411561;3995360;196048;20,38
2022;APR;BKB INTI;3145,5;411561;5449300;277535;19,63
2022;MEI;BKB INTI;3145,5;411561;7695610;385034;19,99
2022;JUN;BKB INTI;3145,5;411561;6951620;344837;20,16
2022;JUL;BKB INTI;3145,5;411561;8760150;479420;18,27
2022;AGT;BKB INTI;3145,5;411561;8524160;490995;17,36
2022;SEP;BKB INTI;3145,5;411561;6355240;361547;17,58
2022;OKT;BKB INTI;3145,5;411561;6055850;376129;16,10
2022;NOV;BKB INTI;3145,5;411561;5944930;373693;15,91
2022;DES;BKB INTI;3145,5;411561;5540610;350201;15,82
2023;JAN;BKB INTI;3113,5;407611;4225040;263488;16,04
2023;FEB;BKB INTI;3113,5;407611;2953460;182181;16,21
2023;MAR;BKB INTI;3113,5;407611;3637650;213508;17,04
2023;APR;BKB INTI;3113,5;407611;4779120;276639;17,28
2023;MEI;BKB INTI;3113,5;407611;6990340;397807;17,57
2023;JUN;BKB INTI;3113,5;407611;7694120;419617;18,34
2023;JUL;BKB INTI;3113,5;407611;6941800;389947;17,80
2023;AGT;BKB INTI;3113,5;407611;5804490;344933;16,83
2023;SEP;BKB INTI;3113,5;407611;4671590;287265;16,26
2023;OKT;BKB INTI;3113,5;407611;4607990;286285;16,10
2023;NOV;BKB INTI;3113,5;407611;4898790;297738;16,45
2023;DES;BKB INTI;3113,5;407611;3976900;241721;16,45
2024;JAN;BKB INTI;3139,98;409553;5102240;287266;17,76
2024;FEB;BKB INTI;3139,98;409553;4295070;237807;18,06
2024;MAR;BKB INTI;3139,98;409553;4296450;243425;17,65
2024;APR;BKB INTI;3139,98;409553;6168520;357054;17,28
2024;MEI;BKB INTI;3139,98;409553;6347420;384238;16,52
2024;JUN;BKB INTI;3139,98;409553;5855530;350014;16,73
2024;JUL;BKB INTI;3139,98;409553;4196970;253395;16,56
2024;AGT;BKB INTI;3139,98;409553;4048220;271897;14,89
2024;SEP;BKB INTI;3139,98;409553;4193320;289614;14,48
2024;OKT;BKB INTI;3139,98;409553;5693020;389537;14,61
2024;NOV;BKB INTI;3139,98;409553;5588900;372538;15,00
2024;DES;BKB INTI;3139,98;409553;5493690;346274;15,87
2025;JAN;BKB INTI;3139,68;409310;6067610;357438;16,98
2025;FEB;BKB INTI;3139,68;409310;5513120;326123;16,91
2025;MAR;BKB INTI;3139,68;409310;5344230;310156;17,23
2025;APR;BKB INTI;3139,68;409310;7130390;403506;17,67
2025;MEI;BKB INTI;3139,68;409310;6556650;384993;17,03
2025;JUN;BKB INTI;3139,68;409310;6066570;354624;17,11
2025;JUL;BKB INTI;3139,68;409310;5322050;320681;16,60
2025;AGT;BKB INTI;3139,68;409310;4914080;310089;15,85
2025;SEP;BKB INTI;3139,68;409310;4745660;312737;15,17
2025;OKT;BKB INTI;3139,68;409310;5289240;340110;15,55
2025;NOV;BKB INTI;3139,68;409310;5191400;330177;15,72
2025;DES;BKB INTI;3139,68;409310;4240930;259795;16,32
2026;JAN;BKB INTI;2947;385883;3131950;185757;16,86
2026;FEB;BKB INTI;2947;385883;2914940;173831;16,77
2026;MAR;BKB INTI;2947;385883;3313570;190482;17,40
2026;APR;BKB INTI;2947;385883;4784280;268625;17,81
2026;MEI;BKB INTI;2947;385883;5792110;318396;18,19
2026;JUN;BKB INTI;2947;385883;0;0;
2026;JUL;BKB INTI;2947;385883;0;0;
2026;AGT;BKB INTI;2947;385883;0;0;
2026;SEP;BKB INTI;2947;385883;0;0;
2026;OKT;BKB INTI;2947;385883;0;0;
2026;NOV;BKB INTI;2947;385883;0;0;
2026;DES;BKB INTI;2947;385883;0;0;
2022;JAN;BKB PLASMA;4571,15;608577;4141130;214038;19,35
2022;FEB;BKB PLASMA;4571,15;608577;2646730;137821;19,20
2022;MAR;BKB PLASMA;4571,15;608577;2503220;124106;20,17
2022;APR;BKB PLASMA;4571,15;608577;3556370;169776;20,95
2022;MEI;BKB PLASMA;4571,15;608577;5261620;240664;21,86
2022;JUN;BKB PLASMA;4571,15;608577;7138970;326039;21,90
2022;JUL;BKB PLASMA;4571,15;608577;7683710;359401;21,38
2022;AGT;BKB PLASMA;4571,15;608577;8897700;444697;20,01
2022;SEP;BKB PLASMA;4571,15;608577;9114030;460871;19,78
2022;OKT;BKB PLASMA;4571,15;608577;9529000;514363;18,53
2022;NOV;BKB PLASMA;4571,15;608577;9382230;522512;17,96
2022;DES;BKB PLASMA;4571,15;608577;7924730;467325;16,96
2023;JAN;BKB PLASMA;4564,4;608616;6382350;363517;17,56
2023;FEB;BKB PLASMA;4564,4;608616;4596990;263319;17,46
2023;MAR;BKB PLASMA;4564,4;608616;4997870;278693;17,93
2023;APR;BKB PLASMA;4564,4;608616;5575420;311622;17,89
2023;MEI;BKB PLASMA;4564,4;608616;9656850;524852;18,40
2023;JUN;BKB PLASMA;4564,4;608616;8962240;478754;18,72
2023;JUL;BKB PLASMA;4564,4;608616;6972140;392124;17,78
2023;AGT;BKB PLASMA;4564,4;608616;6220320;373292;16,66
2023;SEP;BKB PLASMA;4564,4;608616;5245300;322825;16,25
2023;OKT;BKB PLASMA;4564,4;608616;5455530;328245;16,62
2023;NOV;BKB PLASMA;4564,4;608616;5313020;315720;16,83
2023;DES;BKB PLASMA;4564,4;608616;4593940;277318;16,57
2024;JAN;BKB PLASMA;4564,4;608616;5780810;332948;17,36
2024;FEB;BKB PLASMA;4564,4;608616;4419560;262642;16,83
2024;MAR;BKB PLASMA;4564,4;608616;4128900;247874;16,66
2024;APR;BKB PLASMA;4564,4;608616;5083600;333969;15,22
2024;MEI;BKB PLASMA;4564,4;608616;6894640;456258;15,11
2024;JUN;BKB PLASMA;4564,4;608616;5168090;339459;15,22
2024;JUL;BKB PLASMA;4564,4;608616;2940970;187039;15,72
2024;AGT;BKB PLASMA;4564,4;608616;3245210;220139;14,74
2024;SEP;BKB PLASMA;4564,4;608616;4306400;307166;14,02
2024;OKT;BKB PLASMA;4564,4;608616;7349020;532630;13,80
2024;NOV;BKB PLASMA;4564,4;608616;7221930;529928;13,63
2024;DES;BKB PLASMA;4564,4;608616;6829070;487621;14,00
2025;JAN;BKB PLASMA;4564,4;608616;6983190;477395;14,63
2025;FEB;BKB PLASMA;4564,4;608616;5697740;403905;14,11
2025;MAR;BKB PLASMA;4564,4;608616;4731960;347183;13,63
2025;APR;BKB PLASMA;4564,4;608616;6398720;480326;13,32
2025;MEI;BKB PLASMA;4564,4;608616;6372890;467559;13,63
2025;JUN;BKB PLASMA;4564,4;608616;4398670;311754;14,11
2025;JUL;BKB PLASMA;4564,4;608616;3610420;261218;13,82
2025;AGT;BKB PLASMA;4564,4;608616;3891410;304122;12,80
2025;SEP;BKB PLASMA;4564,4;608616;4360090;351819;12,39
2025;OKT;BKB PLASMA;4564,4;608616;5602240;446460;12,55
2025;NOV;BKB PLASMA;4564,4;608616;5252190;422760;12,42
2025;DES;BKB PLASMA;4564,4;608616;4637310;358812;12,92
2026;JAN;BKB PLASMA;4563,15;609103;3262370;244087;13,37
2026;FEB;BKB PLASMA;4563,15;609103;2976870;230756;12,90
2026;MAR;BKB PLASMA;4563,15;609103;2405080;177019;13,59
2026;APR;BKB PLASMA;4563,15;609103;3080440;227953;13,51
2026;MEI;BKB PLASMA;4563,15;609103;3872310;276046;14,03
2026;JUN;BKB PLASMA;4563,15;609103;0;0;
2026;JUL;BKB PLASMA;4563,15;609103;0;0;
2026;AGT;BKB PLASMA;4563,15;609103;0;0;
2026;SEP;BKB PLASMA;4563,15;609103;0;0;
2026;OKT;BKB PLASMA;4563,15;609103;0;0;
2026;NOV;BKB PLASMA;4563,15;609103;0;0;
2026;DES;BKB PLASMA;4563,15;609103;0;0;
2022;JAN;BKB PLASMA 1;1462,43;193353;1775950;83350;21,31
2022;FEB;BKB PLASMA 1;1462,43;193353;1250930;58498;21,38
2022;MAR;BKB PLASMA 1;1462,43;193353;1303090;58560;22,25
2022;APR;BKB PLASMA 1;1462,43;193353;1737060;76124;22,82
2022;MEI;BKB PLASMA 1;1462,43;193353;2178810;94975;22,94
2022;JUN;BKB PLASMA 1;1462,43;193353;2557670;113584;22,52
2022;JUL;BKB PLASMA 1;1462,43;193353;2410860;111221;21,68
2022;AGT;BKB PLASMA 1;1462,43;193353;2960620;146214;20,25
2022;SEP;BKB PLASMA 1;1462,43;193353;2499240;125623;19,89
2022;OKT;BKB PLASMA 1;1462,43;193353;2424750;126844;19,12
2022;NOV;BKB PLASMA 1;1462,43;193353;2648370;139169;19,03
2022;DES;BKB PLASMA 1;1462,43;193353;2397410;128071;18,72
2023;JAN;BKB PLASMA 1;1462,43;194646;2161030;114880;18,81
2023;FEB;BKB PLASMA 1;1462,43;194646;1448780;75487;19,19
2023;MAR;BKB PLASMA 1;1462,43;194646;1520750;78029;19,49
2023;APR;BKB PLASMA 1;1462,43;194646;1643160;84385;19,47
2023;MEI;BKB PLASMA 1;1462,43;194646;2412480;120597;20,00
2023;JUN;BKB PLASMA 1;1462,43;194646;2500790;122953;20,34
2023;JUL;BKB PLASMA 1;1462,43;194646;2055710;106805;19,25
2023;AGT;BKB PLASMA 1;1462,43;194646;1831340;98520;18,59
2023;SEP;BKB PLASMA 1;1462,43;194646;1771680;100964;17,55
2023;OKT;BKB PLASMA 1;1462,43;194646;1760600;99510;17,69
2023;NOV;BKB PLASMA 1;1462,43;194646;1900500;105064;18,09
2023;DES;BKB PLASMA 1;1462,43;194646;1760120;96049;18,33
2024;JAN;BKB PLASMA 1;1462,43;193258;1957650;102660;19,07
2024;FEB;BKB PLASMA 1;1462,43;193258;1487890;78878;18,86
2024;MAR;BKB PLASMA 1;1462,43;193258;1394610;75302;18,52
2024;APR;BKB PLASMA 1;1462,43;193258;1762590;101185;17,42
2024;MEI;BKB PLASMA 1;1462,43;193258;2098450;123605;16,98
2024;JUN;BKB PLASMA 1;1462,43;193258;1759590;99534;17,68
2024;JUL;BKB PLASMA 1;1462,43;193258;1186230;62719;18,91
2024;AGT;BKB PLASMA 1;1462,43;193258;975250;53353;18,28
2024;SEP;BKB PLASMA 1;1462,43;193258;1379990;79285;17,41
2024;OKT;BKB PLASMA 1;1462,43;193258;2544320;147909;17,20
2024;NOV;BKB PLASMA 1;1462,43;193258;2649810;156210;16,96
2024;DES;BKB PLASMA 1;1462,43;193258;2693970;149415;18,03
2025;JAN;BKB PLASMA 1;1441,06;191824;2785410;151038;18,44
2025;FEB;BKB PLASMA 1;1441,06;191824;2146280;116107;18,49
2025;MAR;BKB PLASMA 1;1441,06;191824;1969220;108408;18,16
2025;APR;BKB PLASMA 1;1441,06;191824;2248560;130881;17,18
2025;MEI;BKB PLASMA 1;1441,06;191824;2110030;122379;17,24
2025;JUN;BKB PLASMA 1;1441,06;191824;1850520;104196;17,76
2025;JUL;BKB PLASMA 1;1441,06;191824;1590850;90494;17,58
2025;AGT;BKB PLASMA 1;1441,06;191824;1490420;85852;17,36
2025;SEP;BKB PLASMA 1;1441,06;191824;1493130;90220;16,55
2025;OKT;BKB PLASMA 1;1441,06;191824;1873530;111355;16,82
2025;NOV;BKB PLASMA 1;1441,06;191824;1917210;112758;17,00
2025;DES;BKB PLASMA 1;1441,06;191824;1866460;107390;17,38
2026;JAN;BKB PLASMA 1;1435,73;191042;1361930;74597;18,26
2026;FEB;BKB PLASMA 1;1435,73;191042;1168100;66079;17,68
2026;MAR;BKB PLASMA 1;1435,73;191042;1014320;56364;18,00
2026;APR;BKB PLASMA 1;1435,73;191042;1011430;55285;18,29
2026;MEI;BKB PLASMA 1;1435,73;191042;1268800;68551;18,51
2026;JUN;BKB PLASMA 1;1435,73;191042;0;0;
2026;JUL;BKB PLASMA 1;1435,73;191042;0;0;
2026;AGT;BKB PLASMA 1;1435,73;191042;0;0;
2026;SEP;BKB PLASMA 1;1435,73;191042;0;0;
2026;OKT;BKB PLASMA 1;1435,73;191042;0;0;
2026;NOV;BKB PLASMA 1;1435,73;191042;0;0;
2026;DES;BKB PLASMA 1;1435,73;191042;0;0;
2022;JAN;SC INTI;393,6;52284;277440;18774;14,78
2022;FEB;SC INTI;393,6;52284;196080;13636;14,38
2022;MAR;SC INTI;393,6;52284;406240;25253;16,09
2022;APR;SC INTI;393,6;52284;797420;45942;17,36
2022;MEI;SC INTI;393,6;52284;1441330;76996;18,72
2022;JUN;SC INTI;393,6;52284;1537680;83829;18,34
2022;JUL;SC INTI;393,6;52284;1513190;96607;15,66
2022;AGT;SC INTI;393,6;52284;1154890;86383;13,37
2022;SEP;SC INTI;393,6;52284;1094330;83837;13,05
2022;OKT;SC INTI;393,6;52284;1053210;87678;12,01
2022;NOV;SC INTI;393,6;52284;1068000;83328;12,82
2022;DES;SC INTI;393,6;52284;857880;73086;11,74
2023;JAN;SC INTI;393,6;52284;799040;64372;12,41
2023;FEB;SC INTI;393,6;52284;643300;55121;11,67
2023;MAR;SC INTI;393,6;52284;644100;57598;11,18
2023;APR;SC INTI;393,6;52284;829970;68388;12,14
2023;MEI;SC INTI;393,6;52284;1462170;109884;13,31
2023;JUN;SC INTI;393,6;52284;1493130;102027;14,63
2023;JUL;SC INTI;393,6;52284;1109800;77616;14,30
2023;AGT;SC INTI;393,6;52284;1037480;80651;12,86
2023;SEP;SC INTI;393,6;52284;780610;65783;11,87
2023;OKT;SC INTI;393,6;52284;917650;80504;11,40
2023;NOV;SC INTI;393,6;52284;802770;68531;11,71
2023;DES;SC INTI;393,6;52284;853940;75047;11,38
2024;JAN;SC INTI;393,6;51946;1017150;77038;13,20
2024;FEB;SC INTI;393,6;51946;588340;45928;12,81
2024;MAR;SC INTI;393,6;51946;533580;46111;11,57
2024;APR;SC INTI;393,6;51946;579200;59401;9,75
2024;MEI;SC INTI;393,6;51946;784140;81894;9,58
2024;JUN;SC INTI;393,6;51946;709210;61153;11,60
2024;JUL;SC INTI;393,6;51946;376710;30243;12,46
2024;AGT;SC INTI;393,6;51946;601450;52505;11,46
2024;SEP;SC INTI;393,6;51946;1085520;95147;11,41
2024;OKT;SC INTI;393,6;51946;1359470;111247;12,22
2024;NOV;SC INTI;393,6;51946;1045240;87600;11,93
2024;DES;SC INTI;393,6;51946;1148610;89204;12,88
2025;JAN;SC INTI;393,6;51701;1300290;90196;14,42
2025;FEB;SC INTI;393,6;51701;792740;58407;13,57
2025;MAR;SC INTI;393,6;51701;852470;65488;13,02
2025;APR;SC INTI;393,6;51701;962120;78379;12,28
2025;MEI;SC INTI;393,6;51701;859370;72059;11,93
2025;JUN;SC INTI;393,6;51701;854020;69358;12,31
2025;JUL;SC INTI;393,6;51701;755730;64349;11,74
2025;AGT;SC INTI;393,6;51701;851010;69960;12,16
2025;SEP;SC INTI;393,6;51701;792160;64935;12,20
2025;OKT;SC INTI;393,6;51701;828860;67617;12,26
2025;NOV;SC INTI;393,6;51701;635060;48741;13,03
2025;DES;SC INTI;393,6;51701;583210;44273;13,17
2026;JAN;SC INTI;393,6;51701;356420;25985;13,72
2026;FEB;SC INTI;393,6;51701;261050;17921;14,57
2026;MAR;SC INTI;393,6;51701;253930;16890;15,03
2026;APR;SC INTI;393,6;51701;467130;28758;16,24
2026;MEI;SC INTI;393,6;51701;869770;52971;16,42
2026;JUN;SC INTI;393,6;51701;0;0;
2026;JUL;SC INTI;393,6;51701;0;0;
2026;AGT;SC INTI;393,6;51701;0;0;
2026;SEP;SC INTI;393,6;51701;0;0;
2026;OKT;SC INTI;393,6;51701;0;0;
2026;NOV;SC INTI;393,6;51701;0;0;
2026;DES;SC INTI;393,6;51701;0;0;
2022;JAN;SC PLASMA;196,3;26518;233830;22655;10,32
2022;FEB;SC PLASMA;196,3;26518;234430;22215;10,55
2022;MAR;SC PLASMA;196,3;26518;399240;35245;11,33
2022;APR;SC PLASMA;196,3;26518;656110;58831;11,15
2022;MEI;SC PLASMA;196,3;26518;330150;31120;10,61
2022;JUN;SC PLASMA;196,3;26518;613180;62693;9,78
2022;JUL;SC PLASMA;196,3;26518;593480;70440;8,43
2022;AGT;SC PLASMA;196,3;26518;311100;37180;8,37
2022;SEP;SC PLASMA;196,3;26518;338970;40483;8,37
2022;OKT;SC PLASMA;196,3;26518;330630;39076;8,46
2022;NOV;SC PLASMA;196,3;26518;437770;51986;8,42
2022;DES;SC PLASMA;196,3;26518;419680;49817;8,42
2023;JAN;SC PLASMA;196,3;26518;343010;43161;7,95
2023;FEB;SC PLASMA;196,3;26518;222130;29707;7,48
2023;MAR;SC PLASMA;196,3;26518;344020;44115;7,80
2023;APR;SC PLASMA;196,3;26518;453050;51481;8,80
2023;MEI;SC PLASMA;196,3;26518;724570;66078;10,97
2023;JUN;SC PLASMA;196,3;26518;648400;53063;12,22
2023;JUL;SC PLASMA;196,3;26518;653410;56073;11,65
2023;AGT;SC PLASMA;196,3;26518;487680;45848;10,64
2023;SEP;SC PLASMA;196,3;26518;484460;51391;9,43
2023;OKT;SC PLASMA;196,3;26518;342800;39869;8,60
2023;NOV;SC PLASMA;196,3;26518;485730;52862;9,19
2023;DES;SC PLASMA;196,3;26518;331980;36287;9,15
2024;JAN;SC PLASMA;196,3;26207;484250;46835;10,34
2024;FEB;SC PLASMA;196,3;26207;305520;30336;10,07
2024;MAR;SC PLASMA;196,3;26207;258500;28070;9,21
2024;APR;SC PLASMA;196,3;26207;292370;32947;8,87
2024;MEI;SC PLASMA;196,3;26207;426580;45681;9,34
2024;JUN;SC PLASMA;196,3;26207;385900;36722;10,51
2024;JUL;SC PLASMA;196,3;26207;325230;28386;11,46
2024;AGT;SC PLASMA;196,3;26207;379250;36023;10,53
2024;SEP;SC PLASMA;196,3;26207;467350;44761;10,44
2024;OKT;SC PLASMA;196,3;26207;613870;60574;10,13
2024;NOV;SC PLASMA;196,3;26207;560560;55999;10,01
2024;DES;SC PLASMA;196,3;26207;569570;54558;10,44
2025;JAN;SC PLASMA;196,3;26207;478050;41122;11,63
2025;FEB;SC PLASMA;196,3;26207;470180;43570;10,79
2025;MAR;SC PLASMA;196,3;26207;310450;28794;10,78
2025;APR;SC PLASMA;196,3;26207;541440;47183;11,48
2025;MEI;SC PLASMA;196,3;26207;517110;44765;11,55
2025;JUN;SC PLASMA;196,3;26207;506680;41909;12,09
2025;JUL;SC PLASMA;196,3;26207;469770;38746;12,12
2025;AGT;SC PLASMA;196,3;26207;469340;37034;12,67
2025;SEP;SC PLASMA;196,3;26207;421930;33720;12,51
2025;OKT;SC PLASMA;196,3;26207;444940;35651;12,48
2025;NOV;SC PLASMA;196,3;26207;373160;28492;13,10
2025;DES;SC PLASMA;196,3;26207;328940;24194;13,60
2026;JAN;SC PLASMA;196,3;26164;188860;13410;14,08
2026;FEB;SC PLASMA;196,3;26164;162770;11630;14,00
2026;MAR;SC PLASMA;196,3;26164;204760;13911;14,72
2026;APR;SC PLASMA;196,3;26164;450360;29167;15,44
2026;MEI;SC PLASMA;196,3;26164;472110;29846;15,82
2026;JUN;SC PLASMA;196,3;26164;0;0;
2026;JUL;SC PLASMA;196,3;26164;0;0;
2026;AGT;SC PLASMA;196,3;26164;0;0;
2026;SEP;SC PLASMA;196,3;26164;0;0;
2026;OKT;SC PLASMA;196,3;26164;0;0;
2026;NOV;SC PLASMA;196,3;26164;0;0;
2026;DES;SC PLASMA;196,3;26164;0;0;
2022;JAN;SETARAP;388,2;51154;225670;31688;7,12
2022;FEB;SETARAP;388,2;51154;202690;29860;6,79
2022;MAR;SETARAP;388,2;51154;348660;41814;8,34
2022;APR;SETARAP;388,2;51154;621850;70270;8,85
2022;MEI;SETARAP;388,2;51154;701450;74172;9,46
2022;JUN;SETARAP;388,2;51154;777590;84789;9,17
2022;JUL;SETARAP;388,2;51154;673170;84047;8,01
2022;AGT;SETARAP;388,2;51154;505340;75631;6,68
2022;SEP;SETARAP;388,2;51154;547240;78288;6,99
2022;OKT;SETARAP;388,2;51154;579770;85623;6,77
2022;NOV;SETARAP;388,2;51154;548830;77590;7,07
2022;DES;SETARAP;388,2;51154;443960;69516;6,39
2023;JAN;SETARAP;388,2;51154;477190;69596;6,86
2023;FEB;SETARAP;388,2;51154;338570;50490;6,71
2023;MAR;SETARAP;388,2;51154;517190;74786;6,92
2023;APR;SETARAP;388,2;51154;682500;80617;8,47
2023;MEI;SETARAP;388,2;51154;895540;95219;9,41
2023;JUN;SETARAP;388,2;51154;860700;80317;10,72
2023;JUL;SETARAP;388,2;51154;745180;71629;10,40
2023;AGT;SETARAP;388,2;51154;680130;69747;9,75
2023;SEP;SETARAP;388,2;51154;589530;70025;8,42
2023;OKT;SETARAP;388,2;51154;561240;65635;8,55
2023;NOV;SETARAP;388,2;51154;596870;68791;8,68
2023;DES;SETARAP;388,2;51154;537590;63414;8,48
2024;JAN;SETARAP;388,2;51154;623170;69968;8,91
2024;FEB;SETARAP;388,2;51154;465120;55434;8,39
2024;MAR;SETARAP;388,2;51154;448040;58590;7,65
2024;APR;SETARAP;388,2;51154;519410;68689;7,56
2024;MEI;SETARAP;388,2;51154;576340;70018;8,23
2024;JUN;SETARAP;388,2;51154;454780;51690;8,80
2024;JUL;SETARAP;388,2;51154;320110;36921;8,67
2024;AGT;SETARAP;388,2;51154;523770;63988;8,19
2024;SEP;SETARAP;388,2;51154;872440;92992;9,38
2024;OKT;SETARAP;388,2;51154;1048230;107377;9,76
2024;NOV;SETARAP;388,2;51154;1017830;104089;9,78
2024;DES;SETARAP;388,2;51154;977140;92405;10,57
2025;JAN;SETARAP;388,2;51154;962180;87160;11,04
2025;FEB;SETARAP;388,2;51154;782800;76834;10,19
2025;MAR;SETARAP;388,2;51154;720100;71329;10,10
2025;APR;SETARAP;388,2;51154;856570;81737;10,48
2025;MEI;SETARAP;388,2;51154;856940;79931;10,72
2025;JUN;SETARAP;388,2;51154;748360;67147;11,15
2025;JUL;SETARAP;388,2;51154;798900;73401;10,88
2025;AGT;SETARAP;388,2;51154;924780;82385;11,23
2025;SEP;SETARAP;388,2;51154;898150;73304;12,25
2025;OKT;SETARAP;388,2;51154;1009360;78929;12,79
2025;NOV;SETARAP;388,2;51154;660060;50896;12,97
2025;DES;SETARAP;388,2;51154;691480;50949;13,57
2026;JAN;SETARAP;388,2;51154;523930;38557;13,59
2026;FEB;SETARAP;388,2;51154;538880;41001;13,14
2026;MAR;SETARAP;388,2;51154;677410;48970;13,83
2026;APR;SETARAP;388,2;51154;937660;64142;14,62
2026;MEI;SETARAP;388,2;51154;1025090;66896;15,32
2026;JUN;SETARAP;388,2;51154;0;0;
2026;JUL;SETARAP;388,2;51154;0;0;
2026;AGT;SETARAP;388,2;51154;0;0;
2026;SEP;SETARAP;388,2;51154;0;0;
2026;OKT;SETARAP;388,2;51154;0;0;
2026;NOV;SETARAP;388,2;51154;0;0;
2026;DES;SETARAP;388,2;51154;0;0;
2022;JAN;FFD INTI;3394,57;447136;3126620;171160;18,27
2022;FEB;FFD INTI;3394,57;447136;2932980;158095;18,55
2022;MAR;FFD INTI;3394,57;447136;4559510;234051;19,48
2022;APR;FFD INTI;3394,57;447136;6771110;355887;19,03
2022;MEI;FFD INTI;3394,57;447136;8384660;454498;18,45
2022;JUN;FFD INTI;3394,57;447136;7874450;437623;17,99
2022;JUL;FFD INTI;3394,57;447136;8692110;553520;15,70
2022;AGT;FFD INTI;3394,57;447136;9317580;641558;14,52
2022;SEP;FFD INTI;3394,57;447136;5758830;393204;14,65
2022;OKT;FFD INTI;3394,57;447136;5700910;423586;13,46
2022;NOV;FFD INTI;3394,57;447136;5786810;427355;13,54
2022;DES;FFD INTI;3394,57;447136;4918900;372509;13,20
2023;JAN;FFD INTI;3394,57;447136;3877220;279465;13,87
2023;FEB;FFD INTI;3394,57;447136;3577770;248940;14,37
2023;MAR;FFD INTI;3394,57;447136;4862860;325579;14,94
2023;APR;FFD INTI;3394,57;447136;5660040;378370;14,96
2023;MEI;FFD INTI;3394,57;447136;8222640;539928;15,23
2023;JUN;FFD INTI;3394,57;447136;9068310;577705;15,70
2023;JUL;FFD INTI;3394,57;447136;7282360;471756;15,44
2023;AGT;FFD INTI;3394,57;447136;6073110;422300;14,38
2023;SEP;FFD INTI;3394,57;447136;5079150;380574;13,35
2023;OKT;FFD INTI;3394,57;447136;4750890;375727;12,64
2023;NOV;FFD INTI;3394,57;447136;5153170;387021;13,31
2023;DES;FFD INTI;3394,57;447136;5210520;393654;13,24
2024;JAN;FFD INTI;3430,67;450544;5388630;377721;14,27
2024;FEB;FFD INTI;3430,67;450544;4992940;335370;14,89
2024;MAR;FFD INTI;3430,67;450544;4726770;324471;14,57
2024;APR;FFD INTI;3430,67;450544;6026160;443321;13,59
2024;MEI;FFD INTI;3430,67;450544;6736240;529724;12,72
2024;JUN;FFD INTI;3430,67;450544;5546570;419279;13,23
2024;JUL;FFD INTI;3430,67;450544;3469560;244562;14,19
2024;AGT;FFD INTI;3430,67;450544;3970930;305512;13,00
2024;SEP;FFD INTI;3430,67;450544;5729370;459671;12,46
2024;OKT;FFD INTI;3430,67;450544;7983490;632189;12,63
2024;NOV;FFD INTI;3430,67;450544;7343950;579928;12,66
2024;DES;FFD INTI;3430,67;450544;7485820;540640;13,85
2025;JAN;FFD INTI;3430,67;450211;8162400;560527;14,56
2025;FEB;FFD INTI;3430,67;450211;6786430;467347;14,52
2025;MAR;FFD INTI;3430,67;450211;6082380;414668;14,67
2025;APR;FFD INTI;3430,67;450211;8672400;593651;14,61
2025;MEI;FFD INTI;3430,67;450211;7822680;537723;14,55
2025;JUN;FFD INTI;3430,67;450211;6208870;426589;14,55
2025;JUL;FFD INTI;3430,67;450211;6115230;432405;14,14
2025;AGT;FFD INTI;3430,67;450211;6358130;466078;13,64
2025;SEP;FFD INTI;3430,67;450211;5950860;460992;12,91
2025;OKT;FFD INTI;3430,67;450211;6072300;466125;13,03
2025;NOV;FFD INTI;3430,67;450211;5235540;386588;13,54
2025;DES;FFD INTI;3430,67;450211;4130110;295544;13,97
2026;JAN;FFD INTI;3420,36;449024;2382640;164630;14,47
2026;FEB;FFD INTI;3420,36;449024;1979620;132663;14,92
2026;MAR;FFD INTI;3420,36;449024;2707410;164229;16,49
2026;APR;FFD INTI;3420,36;449024;4744080;273804;17,33
2026;MEI;FFD INTI;3420,36;449024;6260510;350125;17,88
2026;JUN;FFD INTI;3420,36;449024;0;0;
2026;JUL;FFD INTI;3420,36;449024;0;0;
2026;AGT;FFD INTI;3420,36;449024;0;0;
2026;SEP;FFD INTI;3420,36;449024;0;0;
2026;OKT;FFD INTI;3420,36;449024;0;0;
2026;NOV;FFD INTI;3420,36;449024;0;0;
2026;DES;FFD INTI;3420,36;449024;0;0;
2022;JAN;FFD PLASMA;2872,77;384776;2927210;186341;15,71
2022;FEB;FFD PLASMA;2872,77;384776;2888310;183194;15,77
2022;MAR;FFD PLASMA;2872,77;384776;4708290;290134;16,23
2022;APR;FFD PLASMA;2872,77;384776;6593950;408176;16,15
2022;MEI;FFD PLASMA;2872,77;384776;8610450;513292;16,77
2022;JUN;FFD PLASMA;2872,77;384776;8489890;535854;15,84
2022;JUL;FFD PLASMA;2872,77;384776;8539440;564878;15,12
2022;AGT;FFD PLASMA;2872,77;384776;6784200;483301;14,04
2022;SEP;FFD PLASMA;2872,77;384776;6606430;489893;13,49
2022;OKT;FFD PLASMA;2872,77;384776;5324920;418168;12,73
2022;NOV;FFD PLASMA;2872,77;384776;5177970;404616;12,80
2022;DES;FFD PLASMA;2872,77;384776;5179160;409563;12,65
2023;JAN;FFD PLASMA;2877,09;388493;4687370;363595;12,89
2023;FEB;FFD PLASMA;2877,09;388493;3762640;290037;12,97
2023;MAR;FFD PLASMA;2877,09;388493;5056370;383007;13,20
2023;APR;FFD PLASMA;2877,09;388493;5720640;418736;13,66
2023;MEI;FFD PLASMA;2877,09;388493;8241630;570642;14,44
2023;JUN;FFD PLASMA;2877,09;388493;8242410;543138;15,18
2023;JUL;FFD PLASMA;2877,09;388493;7444400;498379;14,94
2023;AGT;FFD PLASMA;2877,09;388493;6116070;437927;13,97
2023;SEP;FFD PLASMA;2877,09;388493;5263510;409536;12,85
2023;OKT;FFD PLASMA;2877,09;388493;5060000;415597;12,18
2023;NOV;FFD PLASMA;2877,09;388493;5504810;436314;12,62
2023;DES;FFD PLASMA;2877,09;388493;4834220;381163;12,68
2024;JAN;FFD PLASMA;2857,73;383640;5569104;407053;13,68
2024;FEB;FFD PLASMA;2857,73;383640;4720537;320826;14,71
2024;MAR;FFD PLASMA;2857,73;383640;4620075;319098;14,48
2024;APR;FFD PLASMA;2857,73;383640;6167002;461844;13,35
2024;MEI;FFD PLASMA;2857,73;383640;6026663;493097;12,22
2024;JUN;FFD PLASMA;2857,73;383640;4898290;394621;12,41
2024;JUL;FFD PLASMA;2857,73;383640;3268557;245030;13,34
2024;AGT;FFD PLASMA;2857,73;383640;3578520;293321;12,20
2024;SEP;FFD PLASMA;2857,73;383640;5468880;456664;11,98
2024;OKT;FFD PLASMA;2857,73;383640;7124860;576877;12,35
2024;NOV;FFD PLASMA;2857,73;383640;6424700;512433;12,54
2024;DES;FFD PLASMA;2857,73;383640;6580710;491956;13,38
2025;JAN;FFD PLASMA;2842,44;383562;6933930;492646;14,07
2025;FEB;FFD PLASMA;2842,44;383562;5602850;403445;13,89
2025;MAR;FFD PLASMA;2842,44;383562;5725070;404015;14,17
2025;APR;FFD PLASMA;2842,44;383562;7499980;535323;14,01
2025;MEI;FFD PLASMA;2842,44;383562;6572490;471105;13,95
2025;JUN;FFD PLASMA;2842,44;383562;5745890;411570;13,96
2025;JUL;FFD PLASMA;2842,44;383562;5610880;404397;13,87
2025;AGT;FFD PLASMA;2842,44;383562;5305190;391188;13,56
2025;SEP;FFD PLASMA;2842,44;383562;5096470;389724;13,08
2025;OKT;FFD PLASMA;2842,44;383562;5360120;400850;13,37
2025;NOV;FFD PLASMA;2842,44;383562;4886150;346337;14,11
2025;DES;FFD PLASMA;2842,44;383562;4039520;276691;14,60
2026;JAN;FFD PLASMA;2842,44;382206;2799410;188220;14,87
2026;FEB;FFD PLASMA;2842,44;382206;2029180;133890;15,16
2026;MAR;FFD PLASMA;2842,44;382206;2749660;170610;16,12
2026;APR;FFD PLASMA;2842,44;382206;4789930;279869;17,11
2026;MEI;FFD PLASMA;2842,44;382206;6320930;365752;17,28
2026;JUN;FFD PLASMA;2842,44;382206;0;0;
2026;JUL;FFD PLASMA;2842,44;382206;0;0;
2026;AGT;FFD PLASMA;2842,44;382206;0;0;
2026;SEP;FFD PLASMA;2842,44;382206;0;0;
2026;OKT;FFD PLASMA;2842,44;382206;0;0;
2026;NOV;FFD PLASMA;2842,44;382206;0;0;
2026;DES;FFD PLASMA;2842,44;382206;0;0;
